"﻿ID","DC_KEY","Description","DATE","time","Location","UCR","LAT","LNG"
1,2.01E+011,"民進黨團會議","9/15/2015",09:00:00,"台北市",615,25.03,121.57
2,2.01E+011,"「英派革新，原民向前」推薦立委參選人陳瑩、瓦歷斯‧貝林記者會","9/15/2015",10:00:00,"台北市",615,25.03,121.57
3,2.01E+011,"保坪宮參拜","9/15/2015",14:00:00,"新北市坪林區",615,24.94,121.71
4,2.01E+011,"石碇與鄉親茶敘","9/15/2015",15:00:00,"新北市石碇區",615,25.01,121.65
5,2.01E+011,"集順廟參拜，深坑老街徒步","9/15/2015",16:30:00,"新北市深坑區",615,25,121.62
6,2.01E+011,"企業家陳錦源先生父喪捻香","9/15/2015",13:00:00,"彰化縣鹿港鎮",617,24.08,120.45
7,2.01E+011,"詮偉五金工業公司座談","9/15/2015",13:40:00,"彰化縣鹿港鎮",617,24.08,120.45
8,2.01E+011,"彰化縣漁會","9/15/2015",14:30:00,"彰化縣芳苑鄉",617,23.95,120.36
9,2.01E+011,"鹿港鎮挺小宋主席後援會","9/15/2015",15:40:00,"彰化縣福興鄉",617,24.04,120.42
10,2.01E+011,"訪員林鎮前國大代表黃上揚先生、前議員黃進揚先生","9/15/2015",17:00:00,"彰化縣員林鎮",617,23.96,120.59
11,2.01E+011,"台北天后宮參拜","9/16/2015",10:00:00,"台北市萬華區",615,25.03,121.5
12,2.01E+011,"拜訪台北市農會","9/16/2015",11:00:00,"台北市大安區",615,25.03,121.54
13,2.01E+011,"民進黨中常會","9/16/2015",13:00:00,"台北市中正區",615,25.04,121.52
14,2.01E+011,"創黨29周年紀念晚會暨全代會的宣傳記者會","9/16/2015",15:00:00,"台北市中正區",615,25.04,121.52
15,2.01E+011,"台灣維順工業股份有限公司","9/17/2015",15:50:00,"台中市南屯區",615,24.15,120.61
16,2.01E+011,"青商全國蔡英文後援會成立大會","9/17/2015",19:05:00,"台中市南屯區",615,24.15,120.61
17,2.01E+011,"綠能科技創新產業政策發佈記者會","9/18/2015",10:00:00,"台北市中正區",615,25.04,121.52
18,2.01E+011,"陽明大學附設醫院聽取簡報","9/18/2015",16:30:00,"宜蘭市",615,24.76,121.75
19,2.01E+011,"長青老人會午餐","9/18/2015",12:40:00,"台中市北屯區",617,24.18,120.69
20,2.01E+011,"與青年有約","9/18/2015",15:00:00,"台中市西區",617,24.14,120.66
21,2.01E+011,"拜訪鄭水添","9/18/2015",17:00:00,"台中市南屯區",617,24.15,120.61
22,2.01E+011,"莊文平董事長餐會","9/18/2015",18:30:00,"台中市北屯區",617,24.18,120.69
23,2.01E+011,"2015年兩岸關係與亞太區域和平國際研討會","9/19/2015",09:00:00,"台北市中正區",615,25.04,121.52
24,2.01E+011,"第十六屆第二次全國黨員代表大會","9/19/2015",15:00:00,"桃園市平鎮區",615,24.93,121.21
25,2.01E+011,"創黨29周年紀念晚會","9/19/2015",20:55:00,"桃園市中壢區",615,24.97,121.21
26,2.01E+011,"與工會企業主座談","9/19/2015",10:00:00,"台中市東區",617,24.14,120.69
27,2.01E+011,"豐原廣福宮顧問團長交接典禮","9/19/2015",11:10:00,"台中市豐原區",617,24.25,120.72
28,2.01E+011,"神岡宋氏宗親會理事長交接典禮","9/19/2015",12:10:00,"台中市神岡區",617,24.25,120.68
29,2.01E+011,"與豐原地方人士餐敘","9/19/2015",13:10:00,"台中市豐原區",617,24.25,120.72
30,2.01E+011,"陳清龍服務處問政說明及政策宣傳","9/19/2015",14:10:00,"台中市豐原區",617,24.25,120.72
31,2.01E+011,"中部後援大聯盟成立大會","9/19/2015",15:30:00,"台中市北屯區",617,24.18,120.69
32,2.01E+011,"訪陳成添等議員","9/19/2015",17:00:00,"台中市北屯區",617,24.18,120.69
33,2.01E+011,"護理人員公共事務與健康政策參與研討會","9/20/2015",14:30:00,"高雄市三民區",615,22.65,120.33
34,2.01E+011,"「小英盃」慢速壘球錦標賽開幕賽開幕式","9/20/2015",15:30:00,"高雄市鳥松區",615,22.66,120.37
35,2.01E+011,"屏東縣小英之友會暨姊妹會成立大會","9/20/2015",16:30:00,"屏東市",615,22.66,120.47
36,2.01E+011,"拜訪劉炳偉議長","9/20/2015",09:40:00,"新北市板橋區",617,25.01,121.46
37,2.01E+011,"拜訪吳清池立委","9/20/2015",10:20:00,"新北市板橋區",617,25.01,121.46
38,2.01E+011,"地方人士茶會","9/20/2015",11:00:00,"新北市板橋區",617,25.01,121.46
39,2.01E+011,"新住民關懷據點座談","9/20/2015",14:30:00,"新北市土城區",617,24.97,121.44
40,2.01E+011,"拜訪李學益副議長","9/20/2015",16:00:00,"新北市蘆洲區",617,25.09,121.47
41,2.01E+011,"忠義廟參拜與地方人士座談","9/20/2015",16:40:00,"新北市蘆洲區",617,25.09,121.47
42,2.01E+011,"與蘆洲區鄉親朋友餐敘座談","9/20/2015",18:00:00,"新北市蘆洲區",617,25.09,121.47
43,2.01E+011,"蔡英文蔡英文競選總統農林魚牧後援會成立大會","9/21/2015",14:55:00,"台北市中山區",615,25.08,121.54
44,2.01E+011,"社區大學全國促進會會員大會","9/21/2015",16:30:00,"台北市中正區",615,25.04,121.52
45,2.01E+011,"發表防災政策白皮書","9/21/2015",10:30:00,"台北市中正區",617,25.04,121.52
46,2.01E+011,"參加社區大學全國促進會座談","9/21/2015",13:30:00,"台北市中正區",617,25.04,121.52
47,2.01E+011,"民進黨創黨第29周年外交使節酒會","9/22/2015",11:50:00,"台北市大安區",615,25.03,121.54
48,2.01E+011,"新北市三重社中秋聯歡活動晚會","9/22/2015",19:00:00,"新北市三重區",615,25.06,121.49
49,2.01E+011,"搭公車，響應世界無車日","9/22/2015",09:00:00,"新北市林口區",617,25.08,121.39
50,2.01E+011,"響應世界無車日「低碳綠能運輸」記者會","9/22/2015",09:50:00,"台北市大同區",617,25.06,121.51
51,2.01E+011,"騎乘U-Bike，由圓山捷運站至民權西路站","9/22/2015",10:15:00,"台北市大同區",617,25.06,121.51
52,2.01E+011,"搭乘捷運，由民權西路站至台北車站","9/22/2015",10:50:00,"台北市大同區",617,25.06,121.51
53,2.01E+011,"搭乘高鐵645車次去新竹","9/22/2015",11:36:00,"台北市中正區",617,25.04,121.52
54,2.01E+011,"大乘中型巴士由高鐵站至城隍廟","9/22/2015",12:30:00,"新竹縣竹北市",617,24.83,120.99
55,2.01E+011,"城隍廟上香祈福，，問後攤商並用午餐。","9/22/2015",12:50:00,"新竹市北區",617,24.82,120.95
56,2.01E+011,"立委參選人歐崇敬競選籌備處頒發工作幹部聘書","9/22/2015",14:20:00,"新竹市東區",617,24.79,120.99
57,2.01E+011,"「科技與經濟發展政策」座談會","9/22/2015",15:10:00,"新竹市東區",617,24.79,120.99
58,2.01E+011,"科技公司經理人及教授餐敘","9/22/2015",18:30:00,"新竹市東區",617,24.79,120.99
59,2.01E+011,"搭乘高鐵返回台北","9/22/2015",21:03:00,"新竹縣竹北市",617,24.83,120.99
60,2.01E+011,"搭乘瓦斯計程車返回林口","9/22/2015",21:40:00,"新北市板橋區",617,25.01,121.46
61,2.01E+011,"行程啓動記者會（龍潭區）","9/23/2015","上午","桃園市龍潭區",615,24.84,121.21
62,2.01E+011,"拜訪客家文學大老鍾肇政","9/23/2015","上午","桃園市平鎮區",615,24.93,121.21
63,2.01E+011,"龍潭區行動中常會","9/23/2015","下午","桃園市龍潭區",615,24.84,121.21
64,2.01E+011,"關西鎮廟宇參拜","9/23/2015","下午","桃園市關西區",615,24.8,121.19
65,2.01E+011,"參訪蕭如松藝術園區","9/24/2015","上午","新竹縣竹東鎮",615,24.77,121.04
66,2.01E+011,"參訪北埔茶葉大王姜阿新","9/24/2015","上午","新竹縣北埔鄉",615,24.66,121.07
67,2.01E+011,"鄧雨賢音樂文化紀念園區","9/24/2015","下午","新竹縣芎林鎮",615,24.78,121.08
68,2.01E+011,"參訪","9/24/2015","下午","新竹縣寶山鄉",615,24.74,121
69,2.01E+011,"參訪日新茶園","9/25/2015","上午","苗栗縣頭份鎮",615,24.68,120.91
70,2.01E+011,"參訪水妹手作坊","9/25/2015","上午","苗栗縣大湖鎮",615,24.59,120.92
71,2.01E+011,"峩崙廟參香","9/25/2015","下午","苗栗縣卓蘭鎮",615,24.33,120.86
72,2.01E+011,"參訪東勢文化園區","9/25/2015","下午","台中市東勢區",615,24.26,120.83
73,2.01E+011,"參訪土牛客家文化園區","9/25/2015","下午","台中市石岡區",615,24.27,120.78
74,2.01E+011,"彩虹餐廳參訪：參觀太陽能屋頂、即發即用;提高糧食透明及自主性","9/25/2015",12:00:00,"屏東縣屏東市",617,22.66,120.47
75,2.01E+011,"氣爆災區看德國藝術家壁畫創作","9/25/2015",17:30:00,"高雄市竹東里",617,22.61,120.32
76,2.01E+011,"與歷屆省議員會晤","9/25/2015",20:00:00,"屏東縣恆春鎮",617,21.98,120.75
77,2.01E+011,"大鵬灣國際賽車場初體驗","9/26/2015",10:00:00,"屏東縣東港鎮",617,22.46,120.47
78,2.01E+011,"搭船遊潟湖並登上蚵殼島認識養蚵傳奇","9/26/2015",14:00:00,"台南市北區",617,23.01,120.21
79,2.01E+011,"訪台南花園夜市","9/26/2015",20:00:00,"台南市北區",617,23.01,120.21
80,2.01E+011,"世界臺商護臺聯盟2015經貿論壇","9/27/2015",13:30:00,"台北市中正區",615,25.04,121.52
81,2.01E+011,"拜訪白河地方人士","9/27/2015",10:30:00,"台南市白河區",617,23.33,120.46
82,2.01E+011,"拜訪地方人士(柳營鄉農會)、參觀肉包工廠作業","9/27/2015",13:30:00,"台南市柳營區",617,23.28,120.36
83,2.01E+011,"參訪公東高工","9/28/2015",11:20:00,"台東縣台東市",615,22.75,121.11
84,2.01E+011,"關懷新住民 中秋異國風","9/28/2015",12:10:00,"台東縣台東市",615,22.75,121.11
85,2.01E+011,"原住民幹部研習授證","9/28/2015",15:00:00,"台東縣台東市",615,22.75,121.11
86,2.01E+011,"台東縣社團後援會授旗儀","9/28/2015",16:00:00,"台東縣台東市",615,22.75,121.11
87,2.01E+011,"安心居住政策暨影片發佈記者會","9/30/2015",12:55:00,"台北市中正區",615,25.04,121.52
88,2.01E+011,"中執會","9/30/2015",13:30:00,"台北市中正區",615,25.04,121.52
89,2.01E+011,"年金改革大聯盟拜會","9/30/2015",15:30:00,"台北市中正區",615,25.04,121.52
90,2.01E+011,"參加美國在台協會(AIT)歡迎新任處長酒會","9/30/2015",12:00:00,"台北市信義區",617,25.03,121.58
91,2.01E+011,"「五大創新研發計劃之二：亞洲矽谷產業」政策發表記者會","10/1/2015",10:00:00,"台北市中正區",615,25.04,121.52
92,2.01E+011,"教育政策暨影片發布會","10/1/2015",10:00:00,"台北市中正區",617,25.04,121.52
93,2.01E+011,"「2015台灣投資高峰論」","10/2/2015",09:30:00,"台北市中正區",615,25.04,121.52
94,2.01E+011,"「清除孳生源 全民總動員」暨捐贈物資儀式","10/3/2015",15:05:00,"台南市安平區",615,23,120.16
95,2.01E+011,"探訪台南市立醫院處理登革熱病患流程及急診室狀況","10/3/2015",16:00:00,"台南市東區",615,22.98,120.22
96,2.01E+011,"參加氣候變遷研討會","10/3/2015",10:00:00,"台北市中正區",617,25.04,121.52
97,2.01E+011,"台南市左鎮區民眾座談","10/3/2015",16:30:00,"台南市左鎮區",617,23.03,120.42
98,2.01E+011,"台南市南化區民眾座談","10/3/2015",17:25:00,"台南市南化區",617,23.11,120.56
99,2.01E+011,"台南市玉井區民眾座談","10/3/2015",18:30:00,"台南市玉井區",617,23.11,120.47
100,2.01E+011,"台南市楠西區民眾座談","10/3/2015",19:55:00,"台南市楠西區",617,23.18,120.48
101,2.01E+011,"巧聖先師廟參香","10/4/2015",10:00:00,"台中市龍井區",615,24.19,120.54
102,2.01E+011,"鹿寮成衣商圈參訪","10/4/2015",11:00:00,"台中市沙鹿區",615,24.24,120.59
103,2.01E+011,"中南部道教蔡英文後援會成立大會","10/4/2015",14:00:00,"彰化縣彰化市",615,24.07,120.56
104,2.01E+011,"扶輪社友和蔡英文主席的約會","10/4/2015",15:30:00,"台中市西屯區",615,24.18,120.64
105,2.01E+011,"關子嶺水火洞，主题為水火同源，不分党派，不分族群，宋楚瑜帶領全民一起找出路！","10/4/2015",09:30:00,"台南市白河區",617,23.33,120.46
106,2.01E+011,"東山再起說明會(台南市東山區)","10/4/2015",10:00:00,"台南市東山區",617,23.28,120.45
107,2.01E+011,"2016大選咱一定會贏說明會(台南市下營區)","10/4/2015",11:30:00,"台南市下營區",617,23.23,120.27
108,2.01E+011,"台南市競選服務處會見地方人士","10/4/2015",13:10:00,"台南市南區",617,22.96,120.19
109,2.01E+011,"參拜國姓爺廟(2016年成功達陣)","10/4/2015",15:20:00,"台南市中西區",617,22.99,120.2
110,2.01E+011,"藥王廟參拜，為登革熱疫情祈福","10/4/2015",16:00:00,"台南市中西區",617,22.99,120.2
111,2.01E+011,"台南市挺宋大會演說","10/4/2015",18:50:00,"台南市中西區",617,22.99,120.2
112,2.01E+011,"出席台北市議會親民黨團成立大會","10/5/2015",10:10:00,"台北市信義區",617,25.03,121.58
113,2.01E+011,"訪日行前致詞","10/6/2015",07:30:00,"桃園市大園區",615,25.05,121.19
114,2.01E+011,"前往日本國會，拜會日華議員懇談會","10/6/2015","下午","日本東京",615,35.69,139.69
115,2.01E+011,"東京台僑晚宴","10/6/2015","晚上","日本東京",615,35.69,139.69
116,2.01E+011,"參觀涵碧軒鳥園","10/6/2015",10:30:00,"宜蘭縣蘇澳鎮",617,24.59,121.85
117,2.01E+011,"參訪南方澳金馬祖與珊瑚馬祖","10/6/2015",11:30:00,"宜蘭縣蘇澳鎮",617,24.59,121.85
118,2.01E+011,"參訪南寧漁市場","10/6/2015",13:10:00,"宜蘭縣蘇澳鎮",617,24.59,121.85
119,2.01E+011,"礁溪協天帝君廟參拜","10/6/2015",15:00:00,"宜蘭縣礁溪鄉",617,24.81,121.73
120,2.01E+011,"參訪二龍河文化景觀","10/6/2015",15:50:00,"宜蘭縣礁溪鄉",617,24.81,121.73
121,2.01E+011,"勘訪礁溪十一股溪排水工程","10/6/2015",16:50:00,"宜蘭縣礁溪鄉",617,24.81,121.73
122,2.01E+011,"頭城地方人士及漁會人士","10/6/2015",18:00:00,"宜蘭縣頭城鎮",617,24.94,121.87
123,2.01E+011,"宜蘭東門夜市","10/6/2015",19:00:00,"宜蘭縣宜蘭市",617,24.76,121.75
124,2.01E+011,"山口縣參訪","10/7/2015","上午","日本山口縣",615,34.19,131.47
125,2.01E+011,"拜會日本民主黨","10/8/2015","上午","日本東京",615,35.69,139.69
126,2.01E+011,"參加首都圈論壇-公共住宅政策","10/8/2015",09:50:00,"台北市中正區",617,25.04,121.52
127,2.01E+011,"拜會日本自由民主黨","10/9/2015","上午","日本東京",615,35.69,139.69
128,2.01E+011,"抵達台灣","10/9/2015","晚上","桃園市大園區",615,25.05,121.19
129,2.01E+011,"台灣環境品質問題與談會","10/9/2015",10:00:00,"台北市中正區",617,25.04,121.52
130,2.01E+011,"參關華德動能科技公司、電動車製造流程","10/9/2015",13:40:00,"桃園市大園區",617,25.05,121.19
131,2.01E+011,"出席雙十國慶大典","10/10/2015",09:15:00,"台北市中正區",615,25.04,121.52
132,2.01E+011,"參加國慶大典","10/10/2015",09:00:00,"台北市中正區",617,25.04,121.52
133,2.01E+011,"與大村鄉民有約","10/10/2015",15:00:00,"彰化縣大村鄉",617,23.99,120.54
134,2.01E+011,"與大城鄉民有約","10/10/2015",17:00:00,"彰化縣大城鄉",617,23.85,120.31
135,2.01E+011,"與美國「共和黨全國委員會」會面","10/11/2015",10:00:00,"台北市中正區",615,25.04,121.52
136,2.01E+011,"台北市柯蔡宗親會秋季祭典暨會員懇親大會","10/11/2015",10:45:00,"台北市中山區",615,25.08,121.54
137,2.01E+011,"鄭運鵬競選總部「親子館」成立大會","10/11/2015",14:00:00,"桃園市龜山區",615,25.02,121.37
138,2.01E+011,"鄭寶清競選總部成立大會","10/11/2015",14:40:00,"桃園市桃園區",615,24.99,121.3
139,2.01E+011,"陳朝容競選總部成立大會","10/11/2015",10:30:00,"彰化縣溪湖鎮",617,23.96,120.49
140,2.01E+011,"參加動物保護團體全國聯合大會活動","10/11/2015",12:20:00,"彰化縣埔心鄉",617,23.95,120.54
141,2.01E+011,"參觀鈞富溪湖馬路發電工廠","10/11/2015",14:30:00,"彰化縣溪湖鎮",617,23.96,120.49
142,2.01E+011,"參加永靖地區襪子廠商座談會","10/11/2015",16:30:00,"彰化縣永靖鄉",617,23.92,120.55
143,2.01E+011,"《英派：點亮台灣的這一哩路》新書發表會","10/13/2015",10:00:00,"台北市信義區",615,25.03,121.58
144,2.01E+011,"浮州合宜宅自救會陳情說明會","10/13/2015",10:00:00,"新北市板橋區",617,25.01,121.46
145,2.01E+011,"勘訪烏來災區","10/13/2015",14:00:00,"新北市新店區",617,24.98,121.54
146,2.01E+011,"勘訪三峽三鶯部落","10/13/2015",16:30:00,"新北市三峽區",617,24.94,121.37
147,2.01E+011,"拜訪太極門總部","10/13/2015",19:30:00,"台北市內湖區",617,25.07,121.59
148,2.01E+011,"食品安全政策發佈記者會","10/15/2015",10:00:00,"台北市中正區",615,25.04,121.52
149,2.01E+011,"參訪基隆市大武崙工業區","10/16/2015",10:00:00,"基隆市",615,25.13,121.74
150,2.01E+011,"接見「國際馬拉拉青年獎」得獎人","10/16/2015",20:00:00,"台北市中正區",615,25.04,121.52
151,2.01E+011,"蘇巧慧樹林區競選總部成立大會","10/17/2015",09:00:00,"新北市樹林區",615,24.98,121.42
152,2.01E+011,"彰化同鄉總會總會長交接暨就職典禮","10/17/2015",11:00:00,"台北市中山區",615,25.08,121.54
153,2.01E+011,"吳琪銘競選總部成立大會","10/17/2015",13:00:00,"新北市土城區",615,24.97,121.44
154,2.01E+011,"江永昌競選總部成立大會","10/17/2015",13:30:00,"新北市中和區",615,25,121.49
155,2.01E+011,"羅致政競選總部成立大會","10/17/2015",14:00:00,"新北市板橋區",615,25.01,121.46
156,2.01E+011,"與阿里山鄉民有約","10/17/2015",10:30:00,"嘉義縣阿里山鄉",617,23.44,120.78
157,2.01E+011,"接受世新電視台錄音專訪","10/17/2015",14:30:00,"嘉義縣中埔鄉",617,23.4,120.55
158,2.01E+011,"訪嘉義市後憲協會","10/17/2015",15:50:00,"嘉義市",617,23.48,120.45
159,2.01E+011,"訪前議員商茂榮及先天宮主委林望蚤先生","10/17/2015",17:20:00,"嘉義市",617,23.48,120.45
160,2.01E+011,"參加大埤大林太子行宮平安宴","10/17/2015",18:20:00,"嘉義縣大林鎮",617,23.6,120.47
161,2.01E+011,"蔡英文全國競選總部成立","10/18/2015",14:00:00,"台北市中正區",615,25.04,121.52
162,2.01E+011,"訪雙福寶養護機構──民進黨前中執委許能通先生","10/18/2015",08:30:00,"嘉義縣民雄鄉",617,23.55,120.46
163,2.01E+011,"關懷中低收入戶──參加靈山寺濟貧活動","10/18/2015",09:20:00,"嘉義縣大林鎮",617,23.6,120.47
164,2.01E+011,"訪斗六誠心電視台與慈靈宮","10/18/2015",10:20:00,"雲林縣古坑鄉",617,23.65,120.6
165,2.01E+011,"訪梅山鄉陳保仁議員","10/18/2015",11:20:00,"嘉義縣梅山鄉",617,23.54,120.69
166,2.01E+011,"全國藝文界蔡英文顧問團成立大會","10/20/2015",14:25:00,"台中市西屯區",615,24.18,120.64
167,2.01E+011,"全國工業區廠商暨中小企業聯盟後援會成立大會","10/20/2015",16:20:00,"台中市南屯區",615,24.18,120.64
168,2.01E+011,"第五支廣告（眼盲、心盲）發布記者會","10/20/2015",10:00:00,"台北市中正區",617,25.04,121.52
169,2.01E+011,"與創客有約──台灣青年創業者","10/20/2015",15:30:00,"台北市內湖區",617,25.07,121.59
170,2.01E+011,"與南港有約──北興宮參拜","10/20/2015",17:00:00,"台北市南港區",617,25.03,121.61
171,2.01E+011,"2016東南亞小英姐妹會成立記者會","10/21/2015",10:00:00,"台北市中正區",615,25.04,121.52
172,2.01E+011,"參加美國商會午宴","10/22/2015",12:00:00,"台北市",615,25.03,121.57
173,2.01E+011,"台北市公職後援會成立大會","10/22/2015",14:00:00,"台北市士林區",615,25.1,121.52
174,2.01E+011,"總統候選人朱立倫及臺中市8位立委提名同志競選聯合服務中心揭幕儀式","10/22/2015",10:00:00,"台中市西屯區",616,24.18,120.64
175,2.01E+011,"拜會台中市議會正副議長及黨籍議員","10/22/2015",10:40:00,"台中市西屯區",616,24.18,120.64
176,2.01E+011,"與蔡錦隆立委基層輔選幹部對談","10/22/2015",11:30:00,"台中市西區",616,24.14,120.66
177,2.01E+011,"接受台中廣播電台董事長莊文勤專訪","10/22/2015",13:00:00,"台中市西屯區",616,24.18,120.64
178,2.01E+011,"主席暨楊瓊瓔立委與首投族青年、新移民對談","10/22/2015",14:30:00,"台中市潭子區",616,24.22,120.71
179,2.01E+011,"參訪鎮瀾宮、探訪鎮瀾兒童家園","10/22/2015",15:35:00,"台中市甲區",616,24.38,120.65
180,2.01E+011,"參訪海線地區居民最重要信仰中心──紫雲巖","10/22/2015",16:55:00,"台中市清水區",616,24.3,120.59
181,2.01E+011,"拜訪新竹農漁水利會","10/23/2015",10:00:00,"新竹市",615,24.81,120.97
182,2.01E+011,"靈安宮參拜","10/23/2015",14:00:00,"新竹市香山區",615,24.78,120.93
183,2.01E+011,"內天后宮參拜","10/23/2015",14:30:00,"新竹市香山區",615,24.78,120.93
184,2.01E+011,"金山寺參拜","10/23/2015",15:00:00,"新竹市東區",615,24.79,120.99
185,2.01E+011,"POP RADIO「POP大國民」節目專訪","10/23/2015",09:30:00,"台北市中正區",616,25.04,121.52
186,2.01E+011,"陸軍軍官學校校友總會「慶祝抗日戰爭勝利暨台灣光復七十週年紀念大會」","10/23/2015",11:30:00,"新北市新店區",616,24.98,121.54
187,2.01E+011,"廣播專訪","10/23/2015",15:00:00,"新竹市",616,24.81,120.97
188,2.01E+011,"立委輔選──與新竹市民有約","10/23/2015",15:50:00,"新竹市",616,24.81,120.97
189,2.01E+011,"拜訪竹東鎮長徐兆璋同志及幹部","10/23/2015",17:00:00,"新竹縣竹東鎮",616,24.77,121.04
190,2.01E+011,"拜訪張鎮榮議長及成立新竹縣民意代表挺朱立倫、林為洲後援會","10/23/2015",17:50:00,"新竹縣竹北市",616,24.83,120.99
191,2.01E+011,"與鄉鎮市長及各農會重要幹部座談及參觀國際客家文化嘉年華會","10/23/2015",19:00:00,"新竹縣竹北市",616,24.83,120.99
192,2.01E+011,"訪陳添松前議長","10/23/2015",10:10:00,"苗栗縣頭份市",617,24.68,120.91
193,2.01E+011,"苗栗縣宋友會後援會成立大會","10/23/2015",10:40:00,"苗栗縣頭份市",617,24.68,120.91
194,2.01E+011,"與西湖鄉親有約","10/23/2015",12:10:00,"苗栗縣西湖鄉",617,24.54,120.77
195,2.01E+011,"市議員補選郭裕信競選總部成立大會","10/24/2015",10:00:00,"桃園市觀音區",615,25.04,121.11
196,2.01E+011,"桃園市農漁會後援會成立大會","10/24/2015",11:00:00,"桃園市蘆竹區",615,25.08,121.3
197,2.01E+011,"南區原住民族後援會成立大會","10/24/2015",14:00:00,"高雄市鹽埕區",615,22.62,120.28
198,2.01E+011,"參訪高雄市基督教福氣教會河堤社區照顧關懷站","10/24/2015",15:00:00,"高雄市三民區",615,22.65,120.33
199,2.01E+011,"立委參選人賴瑞隆的競選總部成立大會","10/24/2015",19:00:00,"高雄市前鎮區",615,22.6,120.31
200,2.01E+011,"林國春委員競選總部成立","10/24/2015",11:00:00,"新北市板橋區",616,25.01,121.46
201,2.01E+011,"中小企業主財經論壇","10/24/2015",14:00:00,"彰化縣鹿港鎮",616,24.08,120.45
202,2.01E+011,"與彰化青年有約","10/24/2015",14:50:00,"彰化縣鹿港鎮",616,24.08,120.45
203,2.01E+011,"參訪2015第20回全國華風盆栽雅石展覽","10/24/2015",16:00:00,"彰化縣溪州鄉",616,23.82,120.52
204,2.01E+011,"朱立倫暨鄭汝芬婦女後援會成立大會","10/24/2015",16:50:00,"彰化縣北斗鎮",616,23.87,120.53
205,2.01E+011,"彰化縣第4選區立委造勢懇託會","10/24/2015",18:00:00,"彰化縣員林市",616,23.96,120.59
206,2.01E+011,"彰化縣第2選區各系統幹部懇託會","10/24/2015",19:10:00,"彰化市",616,24.05,120.52
207,2.01E+011,"與青年有約──「楚瑜找MA，作伙來當」青年志工營活動","10/24/2015",11:00:00,"台中市后里區",617,24.31,120.72
208,2.01E+011,"與台中民間友人有約","10/24/2015",13:30:00,"台中市清水區",617,24.3,120.59
209,2.01E+011,"訪台中區漁會","10/24/2015",14:45:00,"台中市清水區",617,24.3,120.59
210,2.01E+011,"訪全國里長聯誼總會","10/24/2015",15:45:00,"台中市沙鹿區",617,24.24,120.59
211,2.01E+011,"李俊俋競選總部成立大會","10/25/2015",14:00:00,"嘉義縣民雄鄉",615,23.55,120.46
212,2.01E+011,"蔡易餘競選總部成立大會","10/25/2015",14:30:00,"嘉義市西區",615,23.48,120.42
213,2.01E+011,"台南小英姊妹會成立大會","10/25/2015",14:00:00,"台南市東區",615,22.98,120.22
214,2.01E+011,"台灣基督長老教會「宣教150週年教會日活動」","10/25/2015",17:00:00,"台南市南區",615,22.96,120.19
215,2.01E+011,"新北市慶祝台灣光復70周年聯歡活動","10/25/2015",10:30:00,"新北市板橋區",616,25.01,121.46
216,2.01E+011,"「立」「志」出擊，勇敢承擔","10/25/2015",14:00:00,"雲林縣斗六市",616,23.71,120.56
217,2.01E+011,"與有機農友對談-有機蔬菜的展望","10/25/2015",15:10:00,"雲林縣西螺鎮",616,23.78,120.45
218,2.01E+011,"51青年論壇-與主席有約，青年問了沒？","10/25/2015",16:20:00,"雲林縣虎尾鎮",616,23.72,120.42
219,2.01E+011,"傾聽之旅──與重要輔選幹部座談","10/25/2015",17:10:00,"雲林縣虎尾鎮",616,23.72,120.42
220,2.01E+011,"請益之旅","10/25/2015",18:10:00,"雲林縣虎尾鎮",616,23.72,120.42
221,2.01E+011,"與金華社區居民有約","10/25/2015",09:40:00,"台南市南區",617,22.96,120.19
222,2.01E+011,"金華社區「魅力綠帶—香草迷宮」啟用","10/25/2015",10:00:00,"台南市南區",617,22.96,120.19
223,2.01E+011,"體育界有約—軟式網球錦標賽頒獎活動","10/25/2015",10:40:00,"台南市南區",617,22.96,120.19
224,2.01E+011,"參觀赤崁黑糖製作過程","10/25/2015",11:30:00,"台南市中西區",617,22.99,120.2
225,2.01E+011,"鹽水慶華宮廟會","10/25/2015",12:30:00,"台南市鹽水區",617,23.26,120.24
226,2.01E+011,"與青年朋友座談","10/25/2015",15:30:00,"高雄市前金區",617,22.63,120.29
227,2.01E+011,"與高雄幹部座談","10/25/2015",17:20:00,"高雄市苓雅區",617,22.63,120.33
228,2.01E+011,"推動嘉義市觀光事業記者會","10/26/2015",10:00:00,"嘉義市",616,23.48,120.45
229,2.01E+011,"中廣電台專訪","10/26/2015",10:40:00,"嘉義市",616,23.48,120.45
230,2.01E+011,"嘉義市黨部各社團主要幹部懇託會","10/26/2015",11:15:00,"嘉義市",616,23.48,120.45
231,2.01E+011,"拜訪立委候選人林江釧競選總部","10/26/2015",12:50:00,"嘉義縣圤子市",616,23.45,120.26
232,2.01E+011,"訪視防洪海堤水門","10/26/2015",13:50:00,"嘉義縣東石鄉",616,23.47,120.17
233,2.01E+011,"笨港口港口宮拜媽祖祈福","10/26/2015",14:30:00,"嘉義縣東石鄉",616,23.47,120.17
234,2.01E+011,"拜訪若竹兒教育基金會","10/26/2015",15:15:00,"嘉義縣民雄鄉",616,23.55,120.46
235,2.01E+011,"海外僑領茶會","10/26/2015",19:00:00,"嘉義縣民雄鄉",616,23.55,120.46
236,2.01E+011,"「五大創新研發計劃之三：亞太生技醫藥研發產業中心」政策發佈記者會","10/27/2015",10:00:00,"台北市中正區",615,25.04,121.52
237,2.01E+011,"景福宫環保金爐二度啟用暨參香","10/27/2015",10:30:00,"桃園市桃園區",616,24.99,121.3
238,2.01E+011,"品嚐並推廣桃園道地小吃美食","10/27/2015",11:00:00,"桃園市桃園區",616,24.99,121.3
239,2.01E+011,"亞洲電台專訪—朱立倫與吳志揚兩位縣長","10/27/2015",11:30:00,"桃園市桃園區",616,24.99,121.3
240,2.01E+011,"桃園市農漁水利團體造勢暨懇託","10/27/2015",13:30:00,"桃園市楊梅區",616,24.92,121.14
241,2.01E+011,"龍元宫參香暨輔選幹部懇託","10/27/2015",14:20:00,"桃園市龍潭區",616,24.84,121.21
242,2.01E+011,"八德陸光四村社區懇託","10/27/2015",15:35:00,"桃園市八德區",616,24.95,121.29
243,2.01E+011,"接見環保團體","10/28/2015",10:00:00,"台北市中正區",615,25.04,121.52
244,2.01E+011,"全國廣播電台後援會成立大會","10/28/2015",11:20:00,"台北市",615,25.03,121.57
245,2.01E+011,"環保團體請益之旅第一站──荒野保護協會","10/28/2015",10:00:00,"台北市中正區",616,25.04,121.52
246,2.01E+011,"國民黨中常會專題演講","10/28/2015",14:00:00,"台北市中山區",616,25.08,121.54
247,2.01E+011,"文茜異想世界專訪","10/28/2015",17:00:00,"台北市中山區",616,25.08,121.54
248,2.01E+011,"全國勞工後援會","10/28/2015",19:15:00,"新北市三重區",616,25.06,121.49
249,2.01E+011,"「五大創新研發計劃之四：振興國防產業」政策發佈記者會","10/29/2015",10:00:00,"台北市中正區",615,25.03,121.57
250,2.01E+011,"「第十三屆華人企業領袖遠見高峰會」演講","10/29/2015",08:30:00,"台北市松山區",616,25.05,121.56
251,2.01E+011,"協天宮參拜","10/30/2015",10:00:00,"花蓮縣玉里鎮",615,23.39,121.38
252,2.01E+011,"花蓮縣萬榮鄉後援會成立大會","10/30/2015",11:00:00,"花蓮縣萬榮鄉",615,23.72,121.31
253,2.01E+011,"花蓮縣原住民後援會授旗儀式","10/30/2015",14:00:00,"花蓮市",615,23.99,121.6
254,2.01E+011,"五穀宮參拜","10/30/2015",15:00:00,"花蓮縣吉安鄉",615,23.95,121.57
255,2.01E+011,"打造高雄自由經濟新港市(座談與參觀高雄港)","10/30/2015",09:40:00,"高雄市鹽埕區",616,22.62,120.28
256,2.01E+011,"高雄市直轄市商業會會員代表大會","10/30/2015",11:50:00,"高雄市仁武區",616,22.69,120.36
257,2.01E+011,"向高雄競選總部、後援會、顧問團重要幹部以及38個區級競選組織主委、黨代表懇託","10/30/2015",13:30:00,"高雄市三民區",616,22.65,120.33
258,2.01E+011,"青年彩繪揮灑未來鳳山有光","10/30/2015",14:30:00,"高雄市鳳山區",616,22.61,120.35
259,2.01E+011,"勞工後援會成立大會","10/30/2015",16:00:00,"高雄市前鎮區",616,22.6,120.31
260,2.01E+011,"KISS RADIO電台專訪","10/30/2015",16:50:00,"高雄市前鎮區",616,22.6,120.31
261,2.01E+011,"立委參選人張肇良聯合競選總部成立大會","10/31/2015",09:30:00,"桃園市平鎮區",615,24.93,121.21
262,2.01E+011,"立委參選人陳賴素美聯合競選總部成立大會","10/31/2015",10:00:00,"桃園市楊梅區",615,24.92,121.14
263,2.01E+011,"立委參選人杜文卿競選總部成立大會","10/31/2015",14:00:00,"苗栗縣苑里鎮",615,24.38,120.7
264,2.01E+011,"立委參選人吳宜臻競選總部成立大會","10/31/2015",15:00:00,"苗栗縣銅鑼鄉",615,24.45,120.79
265,2.01E+011,"立委候選人鄭永金競選總部成立大會","10/31/2015",17:00:00,"新竹縣竹北市",615,24.83,120.99
266,2.01E+011,"打造國家級文化觀光園區","10/31/2015",08:00:00,"高雄市左營區",616,22.69,120.29
267,2.01E+011,"楠梓元帥廟參拜","10/31/2015",09:15:00,"高雄市楠梓區",616,22.72,120.3
268,2.01E+011,"榮民節慶祝大會","10/31/2015",10:00:00,"高雄市鳳山區",616,22.61,120.35
269,2.01E+011,"婦女後援會成立大會","10/31/2015",10:45:00,"高雄市鳥松區",616,22.66,120.37
270,2.01E+011,"全國青工總會長交接典禮","10/31/2015",11:35:00,"高雄市鳥松區",616,22.66,120.37
271,2.01E+011,"萬丹鄉萬惠宮上香","10/31/2015",13:40:00,"屏東縣萬丹鄉",616,22.59,120.47
272,2.01E+011,"參加「凝聚共識、團結勝選」大會","10/31/2015",14:40:00,"屏東市",616,22.66,120.47
273,2.01E+011,"立委候選人林江釧競選總部成立大會","10/31/2015",18:30:00,"嘉義縣朴子市",616,23.45,120.26
274,2.01E+011,"高雄競選總部成立大會","10/31/2015",19:00:00,"高雄市苓雅區",617,22.63,120.33
275,2.01E+011,"立委參選人黃秀芳競選總部成立大會","11/1/2015",10:00:00,"彰化市",615,24.05,120.52
276,2.01E+011,"立委參選人陳文彬聯合競選總部成立","11/1/2015",10:30:00,"彰化縣鹿港鎮",615,24.08,120.45
277,2.01E+011,"立委參選人蔡煌瑯競選總部成立大會","11/1/2015",13:00:00,"南投市",615,23.92,120.68
278,2.01E+011,"立委參選人張國鑫競選總部成立大會","11/1/2015",14:00:00,"南投縣草屯鎮",615,23.99,120.72
279,2.01E+011,"山地原住民立委參選人瓦歷斯.貝林聯合競選服務處成立揭牌","11/1/2015",15:00:00,"南投縣埔里鎮",615,23.99,120.96
280,2.01E+011,"總統候選人朱立倫、立法委員候選人盧嘉辰土城區聯合競選總部成立大會","11/1/2015",09:50:00,"新北市土城區",616,24.97,121.44
281,2.01E+011,"參加2015苗栗休閒農業及農村再生行銷推廣活動","11/1/2015",14:30:00,"苗栗縣銅鑼鄉",616,24.45,120.79
282,2.01E+011,"苗栗縣基層幹部團結大會","11/1/2015",15:00:00,"苗栗市",616,24.57,120.82
283,2.01E+011,"拜訪議長游忠鈿賢伉儷","11/1/2015",16:40:00,"苗栗縣頭份市",616,24.68,120.91
284,2.01E+011,"高雄輕軌初體驗","11/1/2015",10:00:00,"高雄市前鎮區",617,22.6,120.31
285,2.01E+011,"參加五甲關帝廟百年法會","11/1/2015",11:00:00,"高雄市鳳山區",617,22.61,120.35
286,2.01E+011,"訪中華民國各級公教退休人員總會","11/1/2015",14:30:00,"高雄市前金區",617,22.63,120.29
287,2.01E+011,"訪林園清水巖","11/1/2015",16:30:00,"高雄市林園區",617,22.5,120.4
288,2.01E+011,"飛碟早餐專訪","11/2/2015",08:00:00,"台北市中正區",616,25.04,121.52
289,2.01E+011,"拜會宜蘭人文基金會董事長陳錫南","11/2/2015",10:30:00,"宜蘭市",616,24.76,121.75
290,2.01E+011,"全縣各級幹部懇託座談會","11/2/2015",11:00:00,"宜蘭市",616,24.76,121.75
291,2.01E+011,"打造影視休閒文化產業園區願景","11/2/2015",13:30:00,"宜蘭縣員山鄉",616,24.74,121.66
292,2.01E+011,"漁業政策、漁業後援會","11/2/2015",14:50:00,"宜蘭縣蘇澳鎮",616,24.59,121.85
293,2.01E+011,"進安宮參拜暨祈福","11/2/2015",15:45:00,"宜蘭縣蘇澳鎮",616,24.59,121.85
294,2.01E+011,"南天宮參拜暨祈福","11/2/2015",16:00:00,"宜蘭縣蘇澳鎮",616,24.59,121.85
295,2.01E+011,"昭天宮參拜暨祈福","11/2/2015",16:15:00,"宜蘭縣蘇澳鎮",616,24.59,121.85
296,2.01E+011,"忠順廟參拜","11/3/2015",10:00:00,"新北市汐止區",615,25.06,121.64
297,2.01E+011,"為時代力量立委參選人黃國昌站","11/3/2015",11:00:00,"新北市汐止區",615,25.06,121.64
298,2.01E+011,"參加水利會全國運動會","11/3/2015",08:50:00,"台東市",616,22.75,121.11
299,2.01E+011,"參加反家暴遊行","11/3/2015",09:55:00,"台東市",616,22.75,121.11
300,2.01E+011,"天后宮參拜","11/3/2015",10:50:00,"台東市",616,22.75,121.11
301,2.01E+011,"至立委提名同志服務處加油","11/3/2015",11:30:00,"台東市",616,22.75,121.11
302,2.01E+011,"與縣長有約","11/3/2015",16:15:00,"花蓮市",616,23.99,121.6
303,2.01E+011,"花蓮縣幹部懇託會","11/3/2015",16:40:00,"花蓮市",616,23.99,121.6
304,2.01E+011,"原住民頭目、重要幹部交流","11/3/2015",17:15:00,"花蓮市",616,23.99,121.6
305,2.01E+011,"訪永平工商","11/3/2015",10:30:00,"桃園市楊梅區",617,24.92,121.14
306,2.01E+011,"接見美台商業協會","11/4/2015",10:30:00,"台北市中正區",615,25.04,121.52
307,2.01E+011,"探望韓采彤母親","11/4/2015",10:00:00,"台東市",616,22.75,121.11
308,2.01E+011,"「推廣台南美食、重振府城觀光」","11/4/2015",10:35:00,"台南市東區",616,22.98,120.22
309,2.01E+011,"勝利電台專訪","11/4/2015",11:30:00,"台南市中西區",616,22.99,120.2
310,2.01E+011,"與黨籍市議員便當會","11/4/2015",12:20:00,"台南市安平區",616,22.99,120.16
311,2.01E+011,"行動中常會","11/4/2015",14:00:00,"台南市東區",616,22.98,120.22
312,2.01E+011,"【大道新城】立委第三選區造勢活動","11/4/2015",16:00:00,"台南市北區",616,23.01,120.21
313,2.01E+011,"「關心老朋友，疼惜出外人」勞工改革座談會","11/4/2015",16:50:00,"台南市永康區",616,23.02,120.26
314,2.01E+011,"參訪媽宮黑糖食品工廠","11/5/2015",10:00:00,"澎湖縣馬公市",615,23.57,119.59
315,2.01E+011,"澎湖老人之家","11/5/2015",11:00:00,"澎湖縣馬公市",615,23.57,119.59
316,2.01E+011,"澎湖柯蔡宗祠「濟陽堂」","11/5/2015",12:00:00,"澎湖縣馬公市",615,23.57,119.59
317,2.01E+011,"澎湖縣醫師公會第68屆醫師節大會","11/5/2015",13:00:00,"澎湖縣馬公市",615,23.57,119.59
318,2.01E+011,"全國工商後援會","11/5/2015",11:00:00,"台北市中山區",616,25.08,121.54
319,2.01E+011,"POP RADIO專訪","11/5/2015",12:00:00,"台北市中正區",616,25.04,121.52
320,2.01E+011,"國際媒體茶敘","11/5/2015",14:30:00,"台北市中山區",616,25.08,121.54
321,2.01E+011,"客家文藝復興—蔡英文台北市客家後援會成立大會","11/6/2015",10:00:00,"台北市中正區",615,25.04,121.52
322,2.01E+011,"接見新任法國在台協會主任紀博偉","11/6/2015",14:00:00,"台北市中正區",615,25.04,121.52
323,2.01E+011,"2016全國道教蔡英文後援會成立大會","11/6/2015",19:00:00,"台北市信義區",615,25.03,121.58
324,2.01E+011,"南投縣總統暨立委聯合懇託會","11/6/2015",14:10:00,"南投市",616,23.92,120.68
325,2.01E+011,"全國農漁水利團體後援會成立大會","11/6/2015",15:30:00,"彰化縣鹿港鎮",616,24.08,120.45
326,2.01E+011,"搭乘立榮航空飛往台東","11/6/2015",10:00:00,"台北市松山區",617,25.05,121.56
327,2.01E+011,"勘訪長濱鄉玉長公路","11/6/2015",12:30:00,"台東縣長濱鄉",617,23.35,121.43
328,2.01E+011,"訪成功漁港","11/6/2015",13:30:00,"台東縣成功鎮",617,23.13,121.37
329,2.01E+011,"訪東河鄉張徐郎先生","11/6/2015",15:00:00,"台東縣東河鄉",617,23.07,121.29
330,2.01E+011,"與東河都蘭村鄉親有約","11/6/2015",15:55:00,"台東縣東河鄉",617,23.07,121.29
331,2.01E+011,"訪台東宋楚瑜後援會","11/6/2015",16:45:00,"台東市",617,22.75,121.11
332,2.01E+011,"訪台東市林昊宜立委競選服務處","11/6/2015",17:20:00,"台東市",617,22.75,121.11
333,2.01E+011,"立委參選人張廖萬堅競選總部成立大會","11/7/2015",10:00:00,"台東市西屯區",615,24.18,120.64
334,2.01E+011,"重返全球運籌中心的機會與策略高峰會","11/7/2015",13:00:00,"台中市南區",615,24.12,120.66
335,2.01E+011,"立委參選人洪宗熠競選總部成立大會","11/7/2015",14:00:00,"彰化縣二林鎮",615,23.91,120.4
336,2.01E+011,"立委參選人陳素月競選總部成立大會","11/7/2015",14:30:00,"彰化縣員林市",615,23.96,120.59
337,2.01E+011,"立委參選人劉建國競選總部成立大會","11/7/2015",17:00:00,"雲林縣斗六市",615,23.71,120.56
338,2.01E+011,"出席英派音樂會","11/7/2015",19:00:00,"雲林縣虎尾鎮",615,23.72,120.42
339,2.01E+011,"藥師法修持齋僧大會","11/7/2015",10:25:00,"新北市板橋區",616,25.01,121.46
340,2.01E+011,"總統候選人朱立倫、立法委員張慶忠聯合競選總部成立大會","11/7/2015",11:10:00,"新北市中和區",616,25,121.49
341,2.01E+011,"朱立倫公共托育政策談話會","11/7/2015",13:30:00,"桃園市平鎮區",616,24.93,121.21
342,2.01E+011,"地方助講團開跑記者會","11/7/2015",14:10:00,"桃園市中壢區",616,24.97,121.21
343,2.01E+011,"訪池上鄉伯朗大道-浪漫天堂路","11/7/2015",10:30:00,"台東縣池上鄉",617,23.09,121.23
344,2.01E+011,"訪關山鎮天后宮","11/7/2015",11:50:00,"台東縣關山鎮",617,23.02,121.18
345,2.01E+011,"訪鹿鳴如覺師父","11/7/2015",13:50:00,"台東縣卑南鄉",617,22.74,121.01
346,2.01E+011,"訪太麻里鄉代表會及鄉親","11/7/2015",16:00:00,"台東縣太麻里鄉",617,22.55,120.95
347,2.01E+011,"立委參選人謝志忠競選總部成立大會","11/8/2015",09:00:00,"台中市豐原區",615,24.25,120.72
348,2.01E+011,"立委參選人蔡其昌競選總部成立大會","11/8/2015",09:45:00,"台中市清水區",615,24.3,120.59
349,2.01E+011,"立委參選人何欣純競選總部成立大會","11/8/2015",13:00:00,"台中市太平區",615,24.12,120.72
350,2.01E+011,"立委參選人黃國書競選總部成立大會","11/8/2015",14:30:00,"台中市西區",615,24.14,120.66
351,2.01E+011,"立委參選人洪慈庸競選總部成立大會","11/8/2015",16:00:00,"台中市大雅區",615,24.22,120.65
352,2.01E+011,"立委參選人柯建銘競選總部成立晚會","11/8/2015",19:00:00,"新竹市北區",615,24.82,120.95
353,2.01E+011,"大坑聖壽宮參香","11/8/2015",14:30:00,"台中市北屯區",617,24.18,120.69
354,2.01E+011,"樂成宮參香","11/8/2015",16:40:00,"台中市東區",617,24.14,120.69
355,2.01E+011,"聖武宮參香、平安宴","11/8/2015",19:20:00,"台中市太平區",617,24.12,120.72
356,2.01E+011,"基隆市天顯宮「伍顯靈官大帝聖誕千秋」祈福參拜","11/9/2015",12:00:00,"基隆市",615,25.13,121.74
357,2.01E+011,"朱立倫技職教育政策談話會","11/9/2015",10:00:00,"新北市永和區",616,25.01,121.51
358,2.01E+011,"接見美國阿肯色州前州長畢比","11/10/2015",10:30:00,"台北市中正區",615,25.04,121.52
359,2.01E+011,"儒鴻企業參訪","11/10/2015",14:30:00,"新北市五股區",615,25.08,121.44
360,2.01E+011,"廣平祠參香並拜訪游氏宗親","11/10/2015",15:30:00,"新北市中和區",615,25,121.49
361,2.01E+011,"接見美國聯邦眾議院外交委員會亞太小組主席邵建","11/10/2015",09:00:00,"台北市中山區",616,25.08,121.54
362,2.01E+011,"搭機訪美","11/10/2015",18:10:00,"桃園市大園區",616,25.05,121.19
363,2.01E+011,"接見美國眾議院外交委員會亞太小組主席邵建隆","11/11/2015",10:30:00,"台北市中正區",615,25.04,121.52
364,2.01E+011,"台灣媒體與洛杉磯媒體聯合記者會","11/11/2015",08:00:00,"美國洛杉磯",616,34.05,-118.24
365,2.01E+011,"美國西南地區僑界歡迎晚宴","11/11/2015",11:00:00,"美國洛杉磯",616,34.05,-118.24
366,2.01E+011,"出席「我愛你學田市集便當趴」活動","11/12/2015",14:00:00,"台北市大安區",615,25.03,121.54
367,2.01E+011,"福佑宮參拜","11/12/2015",15:30:00,"台北市大安區",615,25.03,121.54
368,2.01E+011,"慈祐宮參拜","11/12/2015",16:00:00,"台北市松山區",615,25.05,121.56
369,2.01E+011,"福德宮參拜","11/12/2015",16:30:00,"台北市松山區",615,25.05,121.56
370,2.01E+011,"大華府地區僑界歡迎晚宴","11/12/2015",07:30:00,"美國華盛頓",616,38.91,-77.04
371,2.01E+011,"城市導覽","11/12/2015",11:00:00,"美國華盛頓",616,38.91,-77.04
372,2.01E+011,"「五大創新研發計畫之五：智慧機械之都」政策發佈","11/13/2015",10:00:00,"台北市中正區",615,25.04,121.52
373,2.01E+011,"苗栗縣小英之友三義分會","11/13/2015",12:00:00,"苗栗縣三義鄉",615,24.39,120.77
374,2.01E+011,"蔡英文、鄭永金竹東聯合競總成立大會","11/13/2015",19:00:00,"新竹縣竹東市",615,24.77,121.04
375,2.01E+011,"駐美代表處歡迎晚宴","11/13/2015",07:30:00,"美國華盛頓",616,38.91,-77.04
376,2.01E+011,"布魯金斯研究院閉門研討會","11/13/2015",22:00:00,"美國華盛頓",616,38.91,-77.04
377,2.01E+011,"百福宮參拜、為立委參選人蔡適應站台","11/14/2015",10:00:00,"基隆市",615,25.13,121.74
378,2.01E+011,"立委參選人張宏陸聯合競選總部成立","11/14/2015",11:00:00,"新北市板橋區",615,25.01,121.46
379,2.01E+011,"「改變，讓台灣不一樣剖析當前經濟問題與世代經驗傳承」活動","11/14/2015",13:30:00,"台北市中正區",615,25.04,121.52
380,2.01E+011,"立委參選人陳永福競總總部成立大會","11/14/2015",14:30:00,"新北市新店區",615,24.98,121.54
381,2.01E+011,"保福宮、南天宮參拜","11/14/2015",15:30:00,"新北市永和區",615,25.01,121.51
382,2.01E+011,"立委參選人吳秉叡競選總部成立大會","11/14/2015",19:00:00,"新北市新莊區",615,25.03,121.42
383,2.01E+011,"卜睿哲先生簡報","11/14/2015",00:20:00,"美國華盛頓",616,38.91,-77.04
384,2.01E+011,"市區參訪","11/14/2015",01:30:00,"美國華盛頓",616,38.91,-77.04
385,2.01E+011,"接受華盛頓郵報專訪","11/14/2015",03:00:00,"美國華盛頓",616,38.91,-77.04
386,2.01E+011,"參加大紐約區僑界歡迎晚宴","11/14/2015",08:00:00,"美國紐約",616,40.71,-74.01
387,2.01E+011,"接受「美國之音」專訪","11/14/2015",22:00:00,"美國紐約",616,40.71,-74.01
388,2.01E+011,"媒體茶敘","11/14/2015",22:40:00,"美國紐約",616,40.71,-74.01
389,2.01E+011,"美國外交政策全國委員會閉門會議","11/14/2015",23:30:00,"美國紐約",616,40.71,-74.01
390,2.01E+011,"立委參選人陳歐珀競選總部成立活大會","11/15/2015",10:00:00,"宜蘭市",615,24.76,121.75
391,2.01E+011,"新北市土城區客屬會會員大會","11/15/2015",12:00:00,"新北市土城區",615,24.97,121.44
392,2.01E+011,"立委參選人姚文智競選總部成立大會","11/15/2015",13:30:00,"台北市大同區",615,25.06,121.51
393,2.01E+011,"立委參選人吳思瑤競選總部成立大會","11/15/2015",14:00:00,"台北市北投區",615,25.12,121.52
394,2.01E+011,"立委參選人高志鵬競選總部成立大會","11/15/2015",15:00:00,"新北市三重區",615,25.06,121.49
395,2.01E+011,"蔡英文新北市競選總部成立大會","11/15/2015",19:00:00,"新北市板橋區",615,25.01,121.46
396,2.01E+011,"舊金山灣區僑界歡迎晚會","11/15/2015",04:00:00,"美國舊金山",616,37.77,-122.42
397,2.01E+011,"親民黨新北市板橋西區立委候選人康仁俊誓師大會","11/15/2015",10:00:00,"新北市板橋區",617,25.01,121.46
398,2.01E+011,"公布副總統參選人陳建仁，正式成為競選搭檔","11/16/2015",16:00:00,"台北市中正區",615,25.04,121.52
399,2.01E+011,"返抵台灣","11/16/2015",06:15:00,"桃園市大園區",616,25.05,121.19
400,2.01E+011,"出席「104年育苗專案較優表揚大會暨補教師鐸獎頒獎典禮」","11/17/2015",10:30:00,"台北市中山區",615,25.08,121.54
401,2.01E+011,"參觀桃園KHS自行車工廠","11/17/2015",10:30:00,"桃園市大園區",617,25.05,121.19
402,2.01E+011,"參觀BOSS床墊公司","11/17/2015",14:30:00,"桃園市八德區",617,24.95,121.29
403,2.01E+011,"勘訪大樹林區排水改善工程","11/17/2015",16:00:00,"桃園市桃園區",617,24.99,121.3
404,2.01E+011,"拜訪桃園市龍德宮","11/17/2015",18:30:00,"桃園市蘆竹區",617,25.08,121.3
405,2.01E+011,"News98「財經起床號」專訪","11/17/2015",08:00:00,"台北市中正區",616,25.04,121.52
406,2.01E+011,"宋主席記者發布會","11/18/2015",10:00:00,"台北市大安區",617,25.03,121.54
407,2.01E+011,"接見日本交流協會大橋光夫會長","11/18/2015",10:30:00,"台中市南屯區",615,25.04,121.52
408,2.01E+011,"出席遊覽車客運商業同業公會全國聯合會","11/18/2015",16:00:00,"台中市南屯區",615,25.04,121.52
409,2.01E+011,"國家經濟政策談話會","11/19/2015",10:20:00,"台北市中山區",616,25.08,121.54
410,2.01E+011,"出席「2015數位國家，智慧島嶼 基隆市、台中市暨思科合作備忘錄簽署儀式」","11/19/2015",10:00:00,"台中市清水區",615,24.15,120.67
411,2.01E+011,"「保障居住權 人人安心居」政策談話會","11/20/2015",10:20:00,"台北市中山區",616,25.08,121.54
412,2.01E+011,"朱立倫、呂玉玲聯合競選總部成立大會","11/20/2015",16:00:00,"桃園市平鎮區",616,24.93,121.21
413,2.01E+011,"News98「今晚亮菁菁」專訪","11/20/2015",18:00:00,"台北市中正區",616,25.04,121.52
414,2.01E+011,"全國會計師顧問團成立大會","11/20/2015",10:25:00,"台中市沙鹿區",615,25.03,121.58
415,2.01E+011,"葉宜津競選總部成立","11/20/2015",15:00:00,"台中市石岡區",615,23.31,120.31
416,2.01E+011,"黃偉哲競選總部成立","11/20/2015",16:00:00,"台中市太平區",615,23.17,120.17
417,2.01E+011,"王定宇競選總部成立","11/20/2015",18:00:00,"台中市西區",615,22.94,120.24
418,2.01E+011,"陳亭妃競選總部成立","11/20/2015",19:00:00,"台中市西屯區",615,22.99,120.2
419,2.01E+011,"林俊憲競選總部成立","11/20/2015",20:00:00,"台中市西屯區",615,22.98,120.22
420,2.01E+011,"競選logo記者發布會","11/21/2015",10:00:00,"台北市大安區",617,25.03,121.54
421,2.01E+011,"宋瑩（贏）總部成立慶祝活動","11/21/2015",13:30:00,"台北市中正區",617,25.04,121.52
422,2.01E+011,"中國國民黨第19屆中央委員會第3次全體會議","11/21/2015",08:30:00,"台北市中山區",616,25.08,121.54
423,2.01E+011,"總統候選人朱立倫南港區後援會、立委候選人李彥秀南港區後援會成立大會","11/21/2015",10:50:00,"台北市南港區",616,25.03,121.61
424,2.01E+011,"朱立倫、郝龍斌基隆市聯合競選總部成立大會","11/21/2015",15:40:00,"基隆市",616,25.13,121.74
425,2.01E+011,"邱志偉競選總部成立大會","11/21/2015",09:55:00,"台中市西屯區",615,22.8,120.29
426,2.01E+011,"劉世芳競選總部成立大會","11/21/2015",11:05:00,"桃園市",615,22.69,120.29
427,2.01E+011,"林岱樺競選總部成立大會","11/21/2015",15:30:00,"桃園市八德區",615,22.58,120.4
428,2.01E+011,"莊瑞雄競選總部成立大會","11/21/2015",17:00:00,"桃園市大園區",615,22.46,120.47
429,2.01E+011,"鍾佳濱競選總部成立大會","11/21/2015",19:30:00,"桃園市大園區",615,22.66,120.47
430,2.01E+011,"蘇震清競選總部成立大會","11/21/2015",20:20:00,"桃園市大園區",615,22.7,120.56
431,2.01E+011,"參加親民黨港湖區立委候選人黃珊珊總部成立活動","11/22/2015",10:30:00,"台北市內湖區",617,25.07,121.59
432,2.01E+011,"文山區立委候選人李慶元後援會成立大會","11/22/2015",15:20:00,"台北市文山區",617,24.99,121.57
433,2.01E+011,"專業領域不分區立委見面會","11/22/2015",09:00:00,"台北市中山區",616,25.08,121.54
434,2.01E+011,"總統候選人朱立倫暨立委候選人羅明才聯合競選總部成立","11/22/2015",09:50:00,"新北市新店區",616,24.98,121.54
435,2.01E+011,"朱立倫、孫大千聯合造勢活動","11/22/2015",11:00:00,"桃園市中壢區",616,24.97,121.21
436,2.01E+011,"全國道教援總會成立大會","11/22/2015",14:30:00,"新北市三重區",616,25.06,121.49
437,2.01E+011,"中國國民黨121週年黨慶大會","11/22/2015",15:50:00,"新北板橋區",616,25.01,121.46
438,2.01E+011,"管碧玲競選總部成立大會","11/22/2015",09:35:00,"桃園市關西區",615,22.65,120.33
439,2.01E+011,"李昆澤競選總部成立大會","11/22/2015",10:30:00,"桃園市觀音區",615,22.65,120.33
440,2.01E+011,"草衙天后宮參香","11/22/2015",14:00:00,"桃園市龜山區",615,22.6,120.31
441,2.01E+011,"許智傑競選總部成立大會","11/22/2015",15:00:00,"桃園市龍潭區",615,22.61,120.35
442,2.01E+011,"趙天麟競選總部成立大會","11/22/2015",16:00:00,"桃園市龍潭區",615,22.63,120.33
443,2.01E+011,"邱議瑩競選總部成立大會","11/22/2015",18:00:00,"桃園市蘆竹區",615,22.87,120.47
444,2.01E+011,"陪同陳雙全立委候選人登記","11/23/2015",09:45:00,"澎湖縣馬公市",616,23.57,119.59
445,2.01E+011,"澎湖天后宮參拜祈福","11/23/2015",09:53:00,"澎湖縣馬公市",616,23.57,119.59
446,2.01E+011,"出席朱立倫、陳雙全聯合競選總部揭牌成立大會","11/23/2015",10:00:00,"澎湖縣馬公市",616,23.57,119.59
447,2.01E+011,"國家海洋政策宣言記者會","11/23/2015",10:21:00,"澎湖縣馬公市",616,23.57,119.59
448,2.01E+011,"參加楊瓊瓔立委競選總部成立大會","11/23/2015",19:30:00,"台中市大雅區",616,24.22,120.65
449,2.01E+011,"與徐欣瑩主席登記參選中華民國第14任總統副總統","11/24/2015",11:00:00,"台北市中正區",617,25.04,121.52
450,2.01E+011,"2016第九屆全國不分區立法委員提名人記者會","11/24/2015",10:30:00,"桃園市平鎮區",615,25.08,121.54
451,2.01E+011,"名間受天宮參香","11/24/2015",16:10:00,"桃園市平鎮區",615,23.85,120.68
452,2.01E+011,"「打造竹山鎮清水溪親水公園」活動","11/24/2015",17:15:00,"桃園市平鎮區",615,23.71,120.69
453,2.01E+011,"參加原住民電視台政策錄影","11/25/2015",14:00:00,"台北市南港區",617,25.03,121.61
454,2.01E+011,"總統副總統候選人登記","11/25/2015",09:05:00,"台北市中正區",616,25.04,121.52
455,2.01E+011,"全國社福暨志工團體後援會成立暨中彰投誓師大會","11/25/2015",14:50:00,"台中市南屯區",616,24.15,120.61
456,2.01E+011,"喵星人、汪星人與朱立倫、盧秀燕相見歡","11/25/2015",17:00:00,"台中市北屯區",616,24.18,120.69
457,2.01E+011,"沈智慧立委參選人廟口開講","11/25/2015",16:10:00,"台中市東區",616,24.14,120.69
458,2.01E+011,"「Meet Taipei創新創業展」","11/26/2015",09:00:00,"台北市中山區",616,25.08,121.54
459,2.01E+011,"「台灣名人堂」專訪","11/26/2015",10:00:00,"台北市松山區",616,25.05,121.56
460,2.01E+011,"新港鄉奉天宮參拜祈福","11/26/2015",13:50:00,"嘉義縣新港鄉",616,23.54,120.36
461,2.01E+011,"參訪新港文教基會","11/26/2015",14:15:00,"嘉義縣新港鄉",616,23.54,120.36
462,2.01E+011,"參訪新港別墅讀書會","11/26/2015",14:40:00,"嘉義縣新港鄉",616,23.54,120.36
463,2.01E+011,"中小企業後援會成立大會","11/26/2015",15:35:00,"嘉義市",616,23.48,120.45
464,2.01E+011,"朱立倫暨立委第1選區候選人黃瑞坤南瀛婦女後援會成立大會","11/26/2015",16:40:00,"台南市新營區",616,23.31,120.31
465,2.01E+011,"朱立倫暨立委第2選區候選人黃耀盛競選總部成立大會","11/26/2015",17:50:00,"台南市佳里區",616,23.17,120.17
466,2.01E+011,"桃園八位無盟議員挺英仁記者會","11/26/2015",14:20:00,"桃園市平鎮區",615,24.99,121.3
467,2.01E+011,"鎮撫宮參拜","11/26/2015",15:30:00,"桃園市桃園區",615,24.99,121.3
468,2.01E+011,"拜訪光德寺淨心長老","11/27/2015",11:40:00,"高雄市阿蓮區",616,22.88,120.33
469,2.01E+011,"拜訪日月禪寺圓宗長老","11/27/2015",13:10:00,"高雄市田寮區",616,22.86,120.4
470,2.01E+011,"拜訪佛光山星雲大師","11/27/2015",14:40:00,"高雄市大樹區",616,22.71,120.42
471,2.01E+011,"高屏青年工商團體後援會成立","11/27/2015",17:30:00,"高雄市仁武區",616,22.69,120.36
472,2.01E+011,"黃柏霖競選總部成立","11/27/2015",18:20:00,"高雄市三民區",616,22.65,120.33
473,2.01E+011,"總統、副總統候選人登記參選記者會","11/27/2015",09:20:00,"桃園市桃園區",615,25.04,121.52
474,2.01E+011,"抵達中選會登記","11/27/2015",10:00:00,"桃園市桃園區",615,25.04,121.52
475,2.01E+011,"參加中興新村發展座談會","11/28/2015",10:30:00,"南投縣南投市",617,23.92,120.68
476,2.01E+011,"參訪修緣觀","11/28/2015",13:40:00,"南投縣草屯鎮",617,23.99,120.72
477,2.01E+011,"參訪名間鄉受天宮","11/28/2015",15:10:00,"南投縣名間鄉",617,23.85,120.68
478,2.01E+011,"參訪竹山小鎮文創公司","11/28/2015",16:30:00,"南投案竹山鎮",617,23.71,120.69
479,2.01E+011,"訪張明雄前省議員","11/28/2015",17:20:00,"南投縣竹山鎮",617,23.71,120.69
480,2.01E+011,"參訪埔里鎮雙吉宮","11/28/2015",18:40:00,"南投縣埔里鎮",617,23.99,120.96
481,2.01E+011,"參觀金門酒廠","11/28/2015",10:00:00,"金門縣金寧鄉",616,24.46,118.33
482,2.01E+011,"金城城隍廟參香","11/28/2015",10:30:00,"金門縣金城鎮",616,24.41,118.32
483,2.01E+011,"朱立倫、立委候選人楊鎮浯聯合競選總部成立大會","11/28/2015",10:45:00,"金門縣金城鎮",616,24.41,118.32
484,2.01E+011,"山西北嶽廟參香","11/28/2015",11:50:00,"金門縣金沙鎮",616,24.48,118.43
485,2.01E+011,"長榮小吃店─品嚐山西拌麵","11/28/2015",12:08:00,"金門縣金沙鎮",616,24.48,118.43
486,2.01E+011,"全國觀光產業後援會成立大會","11/28/2015",14:55:00,"新北市新店區",616,24.98,121.54
487,2.01E+011,"台北市台南縣同鄉會第19屆第3次會員大會","11/28/2015",11:45:00,"桃園市桃園區",615,25.08,121.54
488,2.01E+011,"蔡英文、蕭美琴聯合競選總部成立大會","11/28/2015",15:20:00,"桃園市桃園區",615,23.99,121.6
489,2.01E+011,"蔡英文、劉櫂豪暨陳瑩競選總部聯合成立大會","11/28/2015",19:40:00,"桃園市楊梅區",615,22.75,121.11
490,2.01E+011,"參訪中台禪寺","11/29/2015",09:00:00,"南投縣埔里鎮",617,23.99,120.96
491,2.01E+011,"參加原住民挺「宋瑩」後援會成立","11/29/2015",10:30:00,"南投縣仁愛鄉",617,24.02,121.13
492,2.01E+011,"參訪造紙隆手創館","11/29/2015",14:00:00,"南投縣埔里鎮",617,23.99,120.96
493,2.01E+011,"參訪國姓鄉禪機山仙佛寺","11/29/2015",16:00:00,"南投縣國姓鄉",617,24.06,120.87
494,2.01E+011,"朱立倫、立法委員候選人江惠貞聯合競選總部成立大會","11/29/2015",10:00:00,"新北市板橋區",616,25.01,121.46
495,2.01E+011,"朱立倫、立委候選人潘懷宗士林區後援會成立大會","11/29/2015",10:50:00,"台北市士林區",616,25.1,121.52
496,2.01E+011,"朱立倫、立委候選人蔣萬安中山區後援會成立大會","11/29/2015",11:20:00,"台北市中山區",616,25.08,121.54
497,2.01E+011,"桃園市振聲中學慶祝50週年校慶","11/29/2015",12:15:00,"桃園市桃園區",616,24.99,121.3
498,2.01E+011,"桃園市彰化同鄉會第16屆第一次會員大會","11/29/2015",13:05:00,"桃園市中壢區",616,24.97,121.21
499,2.01E+011,"仁海宫參香","11/29/2015",13:45:00,"桃園市中壢區",616,24.97,121.21
500,2.01E+011,"拜訪市議會議長邱奕勝及前十三鄉鎮市代表會正副主席","11/29/2015",15:15:00,"桃園市中壢區",616,24.97,121.21
501,2.01E+011,"廖正井楊梅區競選總部成立大會","11/29/2015",16:30:00,"桃園市楊梅區",616,24.92,121.14
502,2.01E+011,"彰化縣總統暨立委提名鄭汝芬同志聯合競選總部成立大會","11/29/2015",18:50:00,"彰化縣溪州鄉",616,23.82,120.52
503,2.01E+011,"蔡英文、徐景文聯合競選總部成立大會","11/29/2015",10:25:00,"桃園市中壢區",615,24.97,121.21
504,2.01E+011,"全國勞工蔡英文後援總會成立大會","11/29/2015",14:40:00,"桃園市中壢區",615,25.04,121.52
505,2.01E+011,"蔡英文、林淑芬聯合競選總部成立大會","11/29/2015",16:00:00,"桃園市中壢區",615,25.09,121.47
506,2.01E+011,"2016台灣北區原住民族後援會成立大會","11/29/2015",17:00:00,"新北市",615,24.98,121.42
507,2.01E+011,"「多元長照 安心養老」政策談話會","11/30/2015",10:30:00,"台北市中山區",616,25.08,121.54
508,2.01E+011,"好事聯播網專訪","11/30/2015",14:30:00,"台北市中山區",616,25.08,121.54
509,2.01E+011,"「華視新聞廣場」專訪","11/30/2015",16:00:00,"台北市大安區",616,25.03,121.54
510,2.01E+011,"找回「愛的年代」影片發布會","12/1/2015",10:00:00,"台北市大安區",617,25.03,121.54
511,2.01E+011,"第三屆國際盃美容美髮大賽流行時尚演示會","12/1/2015",09:25:00,"新北市板橋區",615,24.57,120.82
512,2.01E+011,"大湖地區酒莊拜訪","12/1/2015",10:30:00,"新北市板橋區",615,24.4,120.87
513,2.01E+011,"公館農會拜訪","12/1/2015",11:15:00,"新北市板橋區",615,24.5,120.84
514,2.01E+011,"蔡英文、陳建仁與杜文卿竹南競選總部致詞打氣","12/1/2015",14:20:00,"新北市蘆洲區",615,24.7,120.88
515,2.01E+011,"宅配到府：小英動漫見面會","12/1/2015",19:00:00,"新北市坪林區",615,25.04,121.52
516,2.01E+011,"基隆市慶安宮參拜","12/2/2015",10:00:00,"基隆市",616,25.13,121.74
517,2.01E+011,"基隆市奠濟宮參拜","12/2/2015",10:55:00,"基隆市",616,25.13,121.74
518,2.01E+011,"走訪仁愛市場","12/2/2015",11:15:00,"基隆市",616,25.13,121.74
519,2.01E+011,"中常會/憲政改革政策說明","12/2/2015",14:00:00,"台北市中山區",616,25.08,121.54
520,2.01E+011,"艋舺青山宮靈安尊王聖誕千秋，祭祀禮儀慶典活動","12/2/2015",15:45:00,"台北市萬華區",616,25.03,121.5
521,2.01E+011,"陳滄江競選總部成立晚會","12/2/2015",20:20:00,"新北市三峽區",615,24.44,118.43
522,2.01E+011,"五府千歲參拜","12/3/2015",09:55:00,"花蓮縣花蓮市",616,23.97,121.61
523,2.01E+011,"五穀宮參拜","12/3/2015",10:13:00,"花蓮縣吉安鄉",616,23.97,121.57
524,2.01E+011,"花蓮縣姊姊妹妹站起來誓師團結大會","12/3/2015",10:30:00,"花蓮縣花蓮市",616,24,121.59
525,2.01E+011,"港天宮參拜","12/3/2015",11:33:00,"花蓮縣花蓮市",616,24.01,121.59
526,2.01E+011,"青年相挺後援會","12/3/2015",12:00:00,"花蓮縣花蓮市",616,23.99,121.63
527,2.01E+011,"奉天宮參拜","12/3/2015",14:00:00,"台北市信義區",616,25.04,121.58
528,2.01E+011,"慈惠堂參拜","12/3/2015",14:30:00,"台北市信義區",616,25.04,121.59
529,2.01E+011,"參訪金城模範街及浯島城隍廟參香","12/3/2015",08:40:00,"新北市三重區",615,24.41,118.32
530,2.01E+011,"陳滄江競選總部加油打氣","12/3/2015",09:50:00,"新北市三重區",615,24.41,118.32
531,2.01E+011,"宣布競選總部人事記者會","12/4/2015",10:00:00,"台北市中山區",616,25.05,121.54
532,2.01E+011,"YAHOO專訪","12/4/2015",13:30:00,"台北市南港區",616,25.06,121.61
533,2.01E+011,"中華民族團結協會「捍衛中華」聯誼活動","12/4/2015",18:30:00,"新北市新店區",616,24.99,121.54
534,2.01E+011,"教育政策公佈記者會","12/4/2015",10:00:00,"新北市三重區",615,25.08,121.54
535,2.01E+011,"「開創物聯網新契機」企業座談會","12/4/2015",17:00:00,"新北市深坑區",615,24.83,120.99
536,2.01E+011,"全國客家後援會總會成立大會","12/4/2015",20:00:00,"新北市石碇區",615,24.85,121.09
537,2.01E+011,"柯建銘香山後援會成立大會","12/4/2015",20:45:00,"新北市樹林區",615,24.78,120.93
538,2.01E+011,"新北市三重區張碩文競選總部成立大會","12/5/2015",16:10:00,"新北市三重區",617,25.06,121.47
539,2.01E+011,"張碩文三重區車隊掃街造勢活動","12/5/2015",17:00:00,"新北市三重區",617,25.06,121.47
540,2.01E+011,"台灣孫氏宗親會成立大會晚宴","12/5/2015",19:00:00,"新北市永和區",617,25.01,121.52
541,2.01E+011,"總統候選人朱立倫、立法委員候選人李乾龍聯合競選總部成立大會","12/5/2015",09:45:00,"新北市三重區",616,25.06,121.49
542,2.01E+011,"總統候選人朱立倫、立法委員候選人陳明義聯合競選總部成立大會","12/5/2015",10:15:00,"新北市蘆洲區",616,25.09,121.46
543,2.01E+011,"總統候選人朱立倫大安區後援會、立委候選人蔣乃辛競選總部成立大會","12/5/2015",10:55:00,"台北市大安區",616,25.04,121.53
544,2.01E+011,"總統候選人朱立倫、立委候選人賴士葆文山區後援會成立大會","12/5/2015",11:25:00,"台北市文山區",616,25,121.54
545,2.01E+011,"朱立倫總統候選人全國競選總部成立大會","12/5/2015",12:05:00,"台北市中山區",616,25.05,121.54
546,2.01E+011,"總統候選人朱立倫、立委候選人林為洲新竹縣南區競選總部成立大會","12/5/2015",14:50:00,"新竹縣竹東鎮",616,24.73,121.09
547,2.01E+011,"總統候選人朱立倫、立委候選人莊啟旺競選總部成立大會","12/5/2015",17:35:00,"高雄市苓雅區",616,22.62,120.29
548,2.01E+011,"高雄市醫事人員後援會成立","12/5/2015",18:50:00,"高雄市左營區",616,22.69,120.29
549,2.01E+011,"總統候選人朱立倫、立委候選人蔡金晏競選總部成立大會","12/5/2015",19:15:00,"高雄市三民區",616,22.64,120.29
550,2.01E+011,"全國交通運輸後援會成立大會","12/5/2015",10:55:00,"新北市樹林區",615,24.08,120.45
551,2.01E+011,"全國基督教徒後援會成立大會","12/5/2015",14:40:00,"新北市泰山區",615,24.14,120.69
552,2.01E+011,"台中市競選總部成立大會","12/5/2015",16:30:00,"新北市泰山區",615,24.18,120.64
553,2.01E+011,"彰化縣競選總部成立大會","12/5/2015",19:30:00,"新北市泰山區",615,24.07,120.56
554,2.01E+011,"2016總統大選青年對談","12/6/2015",13:05:00,"台北市大安區",617,25.02,121.53
555,2.01E+011,"雲林縣古坑鄉慈靈宮平安宴","12/6/2015",19:00:00,"雲林縣古坑鄉",617,23.65,120.6
556,2.01E+011,"總統候選人朱立倫、立法委員候選人吳育昇林口區聯合競選總部成立大會","12/6/2015",10:00:00,"新北市林口區",616,25.07,121.38
557,2.01E+011,"2016總統大選大專院校青年對談","12/6/2015",12:55:00,"台北市大安區",616,25.02,121.53
558,2.01E+011,"會晤淨空和尚","12/6/2015",19:30:00,"台北市內湖區",616,25.07,121.59
559,2.01E+011,"麟洛鄉後援會成立大會","12/6/2015",09:25:00,"新北市土城區",615,22.66,120.53
560,2.01E+011,"萬丹鄉後援會成立大會","12/6/2015",10:30:00,"新北市土城區",615,22.59,120.47
561,2.01E+011,"歸來慈天宮參香","12/6/2015",11:25:00,"新北市五股區",615,22.66,120.51
562,2.01E+011,"台南市競選總部成立大會","12/6/2015",15:50:00,"新北市五股區",615,23.02,120.26
563,2.01E+011,"高雄市競選總部成立大會","12/6/2015",20:25:00,"新北市汐止區",615,22.65,120.27
564,2.01E+011,"「啟動台灣飛輪 經濟系列一：產業引擎」政策談話會","12/7/2015",10:30:00,"台北市中山區",616,25.05,121.54
565,2.01E+011,"參加中國民國全國公教人員協會擴大幹部會議座談","12/8/2015",15:00:00,"台北市中正區",617,25.04,121.52
566,2.01E+011,"慈法禪寺「啟建護國息災」法會參拜","12/8/2015",09:40:00,"新北市土城區",616,24.99,121.46
567,2.01E+011,"新北市土城區、三峽區里長座談會","12/8/2015",10:10:00,"新北市土城區",616,24.98,121.45
568,2.01E+011,"新北市板橋區里長座談會","12/8/2015",10:50:00,"新北市板橋區",616,25.01,121.46
569,2.01E+011,"中華民國全國公務人員協會104年度擴大幹部會議","12/8/2015",16:00:00,"台北市中正區",616,25.04,121.52
570,2.01E+011,"台北市第二梯次百工百業蔡英文社團後援會授旗活動","12/8/2015",14:00:00,"新北市汐止區",615,25.1,121.52
571,2.01E+011,"中華民國全國公務人員協會擴大幹部會議","12/8/2015",16:00:00,"新北市汐止區",615,25.04,121.52
572,2.01E+011,"客家電視台節目專訪","12/9/2015",15:00:00,"台北市大安區",617,25.02,121.53
573,2.01E+011,"新北市立委第一選區里長座談會","12/9/2015",10:00:00,"新北市淡水區",616,25.18,121.45
574,2.01E+011,"『「倫」轉好薪情』政策說明會","12/9/2015",14:00:00,"台北市中山區",616,25.05,121.54
575,2.01E+011,"港湖大團結-朱立倫總統候選人懇託會","12/9/2015",18:30:00,"台北市內湖區",616,25.08,121.59
576,2.01E+011,"新北市中和區里長座談會","12/9/2015",20:00:00,"新北市中和區",616,25,121.49
577,2.01E+011,"「迎向未來，點亮台灣」行動中常會","12/9/2015",14:00:00,"新北市新店區",615,24.99,121.3
578,2.01E+011,"故總統嚴家淦110歲冥誕紀念展","12/9/2015",17:00:00,"新北市新店區",615,25.04,121.52
579,2.01E+011,"全國律師後援會成立大會","12/9/2015",20:00:00,"新北市新莊區",615,25.04,121.52
580,2.01E+011,"美國商會演講","12/10/2015",13:00:00,"台北市信義區",616,25.04,121.56
581,2.01E+011,"當朱立倫遇見創世代：林之晨 x 許毓仁 x 蔣萬安","12/10/2015",14:30:00,"台北市中山區",616,25.05,121.54
582,2.01E+011,"李鎮源院士百年誕辰──一百行動聯盟攝影展","12/10/2015",14:00:00,"新北市永和區",615,25.04,121.52
583,2.01E+011,"台灣美樂地X小英簽名會","12/10/2015",19:00:00,"新北市永和區",615,25.04,121.52
584,2.01E+011,"參拜竹北市蓮華寺","12/11/2015",09:30:00,"新竹縣竹北市",617,24.83,121.04
585,2.01E+011,"參拜義民廟、茶敘","12/11/2015",10:00:00,"新竹縣新埔鎮",617,24.84,121.04
586,2.01E+011,"新埔鎮後援會成立大會","12/11/2015",10:55:00,"新竹縣新埔鎮",617,24.83,121.08
587,2.01E+011,"竹東鎮惠昌宮參拜及茶敘","12/11/2015",15:00:00,"新竹縣竹東鎮",617,24.74,121.09
588,2.01E+011,"慶祝對日抗戰勝利七十週年暨退役將官歲末聯誼餐會","12/11/2015",11:40:00,"台北市中正區",616,25.04,121.51
589,2.01E+011,"Yahoo!「Live 做伙共」專訪","12/11/2015",12:30:00,"台北市南港區",616,25.06,121.61
590,2.01E+011,"三峽祖師廟參拜","12/11/2015",14:00:00,"新北市中和區",615,24.94,121.37
591,2.01E+011,"參訪高雄軟體園區藝術","12/12/2015",11:30:00,"高雄市前鎮區",617,22.6,120.3
592,2.01E+011,"參加台中青年論壇","12/12/2015",15:50:00,"台中市北區",617,24.15,120.69
593,2.01E+011,"拜訪星海羅盤基金","12/12/2015",18:00:00,"新竹縣寶山鄉",617,24.75,121.04
594,2.01E+011,"陳超明委員銅鑼鄉競選總部成立大會","12/12/2015",09:30:00,"苗栗縣銅鑼鄉",616,24.49,120.79
595,2.01E+011,"徐志榮委員公館鄉競選總部成立大會","12/12/2015",10:10:00,"苗栗縣公館鄉",616,24.51,120.83
596,2.01E+011,"廖正井委員大園區競選總部成立大會","12/12/2015",11:30:00,"桃園市大園區",616,25.05,121.2
597,2.01E+011,"新北市立委第五選區里長座談會","12/12/2015",14:20:00,"新北市樹林區",616,24.98,121.42
598,2.01E+011,"江惠貞委員貴興之友會成立大會","12/12/2015",15:10:00,"新北市板橋區",616,25,121.46
599,2.01E+011,"朱立倫桃園南區競選總部暨陳學聖中壢區競選總部聯合成立大會","12/12/2015",19:30:00,"桃園市中壢區",616,24.97,121.22
600,2.01E+011,"呂孫綾泰山造勢大會","12/12/2015",10:00:00,"新北市中和區",615,25.06,121.43
601,2.01E+011,"蔡英文、陳健仁桃園競選總部成立大會","12/12/2015",14:00:00,"新北市中和區",615,24.99,121.3
602,2.01E+011,"參加宋瑩東部造勢大會暨林昊宜總部成立大會","12/13/2015",11:20:00,"台東縣台東市",617,22.77,121.12
603,2.01E+011,"參觀雅聞觀光工廠","12/13/2015",10:05:00,"雲林縣斗六市",616,23.68,120.46
604,2.01E+011,"總統暨立委候選人聯合競選總部成立大會","12/13/2015",10:25:00,"雲林縣斗六市",616,23.71,120.54
605,2.01E+011,"全國餐飲業後援會成立大會","12/13/2015",11:30:00,"嘉義縣嘉義市",616,23.47,120.45
606,2.01E+011,"老歌老兵老朋友慶冬至活動","12/13/2015",13:50:00,"嘉義縣嘉義市",616,23.47,120.44
607,2.01E+011,"立委候選人黃韻涵競選總部成立大會","12/13/2015",15:50:00,"高雄市岡山區",616,22.79,120.28
608,2.01E+011,"客家、青溪榮民榮眷後援會成立大會","12/13/2015",17:10:00,"屏東縣屏東市",616,22.66,120.48
609,2.01E+011,"鹽埔鄉慈天宮參拜","12/13/2015",17:50:00,"屏東縣鹽埔鄉",616,22.74,120.56
610,2.01E+011,"參加鹽埔鄉新二村、新圍村聯合固本會報","12/13/2015",18:05:00,"屏東縣鹽埔鄉",616,22.74,120.56
611,2.01E+011,"蔡英文、黃國昌聯合競選總部成立大會","12/13/2015",10:00:00,"新北市中和區",615,25.06,121.64
612,2.01E+011,"新北市台南同鄉會會員大會","12/13/2015",13:00:00,"新竹市",615,25.06,121.43
613,2.01E+011,"新北市屏東同鄉會會員大會","12/13/2015",14:00:00,"新竹市北區",615,25,121.49
614,2.01E+011,"新北市家具商業同業公會會員大會","12/13/2015",19:00:00,"新竹市北區",615,25.06,121.43
615,2.01E+011,"新北市雲林同鄉會第八屆總會長及理監事就職典禮","12/13/2015",20:00:00,"新竹市東區",615,25.08,121.44
616,2.01E+011,"宋瑩團隊首支選舉影片發布會","12/14/2015",14:00:00,"台北市大安區",617,25.04,121.53
617,2.01E+011,"全國教師工會總聯合會座談會","12/14/2015",10:00:00,"台北市大同區",616,25.06,121.52
618,2.01E+011,"中國國民黨外交茶會","12/14/2015",14:00:00,"台北市信義區",616,25.04,121.56
619,2.01E+011,"生物經濟產業國際策略峰會","12/14/2015",09:10:00,"新竹市香山區",615,25.08,121.54
620,2.01E+011,"「2016契機與挑戰：生物經濟產業國際策略峰會」專題演講","12/14/2015",08:55:00,"新竹市香山區",615,25.05,121.52
621,2.01E+011,"「優質教育 合理公平 全齡教育」政策談話會","12/15/2015",10:30:00,"台北市中山區",616,25.05,121.54
622,2.01E+011,"木工機產業座談會","12/15/2015",16:40:00,"台中市神岡區",616,24.27,120.7
623,2.01E+011,"東勢區東聖宮參香","12/15/2015",18:10:00,"台中市東勢區",616,24.25,120.83
624,2.01E+011,"與客家鄉親一同做湯圓","12/15/2015",18:20:00,"台中市東勢區",616,24.25,120.83
625,2.01E+011,"總統候選人朱立倫暨立法委員台中市聯合競選總部成立大會","12/15/2015",20:00:00,"台中市南屯區",616,24.14,120.63
626,2.01E+011,"出席客家妹挺客家人暨台三線影片發布記者會","12/15/2015",09:55:00,"新竹市香山區",615,25.05,121.53
627,2.01E+011,"台灣製藥界聯合茶會","12/15/2015",14:30:00,"新竹縣",615,25.02,121.53
628,2.01E+011,"中華海峽兩岸客家文經交流協會活動","12/16/2015",11:30:00,"台北市中山區",616,25.08,121.53
629,2.01E+011,"全國義消後援會","12/16/2015",14:00:00,"新北市板橋區",616,24.98,121.43
630,2.01E+011,"接見美國國安會前亞洲事務資深主任麥艾文","12/16/2015",16:00:00,"台北市中山區",616,25.05,121.54
631,2.01E+011,"「領航國會、建設新竹」行動中常會前記者會","12/16/2015",13:25:00,"新竹縣寶山鄉",615,24.81,120.97
632,2.01E+011,"朱立倫陳雪生「團結勝選」大會","12/17/2015",10:15:00,"連江縣南竿鄉",616,26.15,119.96
633,2.01E+011,"介壽村家戶拜訪","12/17/2015",10:45:00,"連江縣南竿鄉",616,26.15,119.96
634,2.01E+011,"「台灣競爭力躍進 再創農業新利基」政策談話會","12/17/2015",14:30:00,"台北市中山區",616,25.05,121.54
635,2.01E+011,"「台北音響大展開幕典禮」","12/17/2015",09:55:00,"新竹縣北埔鄉",615,25.08,121.53
636,2.01E+011,"全國計程車代表大會","12/18/2015",17:00:00,"台北市中正區",617,25.05,121.52
637,2.01E+011,"暖暖行動：「看見國旗，溫暖台灣」首場記者會","12/18/2015",09:00:00,"台北市中山區",616,25.05,121.54
638,2.01E+011,"中華民國營造公會全國聯合會暨台灣區綜合營造商會員代表大會","12/18/2015",10:10:00,"台北市中正區",616,25.04,121.52
639,2.01E+011,"中華民國營造公會全國聯合會暨台灣區綜合營造商會員代表大會","12/18/2015",10:10:00,"新竹縣芎林鎮",615,25.04,121.52
640,2.01E+011,"新店太平宮參香","12/18/2015",10:25:00,"新竹縣新埔鎮",615,24.96,121.53
641,2.01E+011,"永和店仔街福德宮參香","12/18/2015",11:25:00,"新竹縣竹北市",615,25.01,121.51
642,2.01E+011,"參加邱氏宗親會代表大會","12/19/2015",12:00:00,"台北市中山區",617,25.07,121.54
643,2.01E+011,"參加全國各界擁護宋瑩配進軍總統府大會","12/19/2015",14:30:00,"台北市松山區",617,25.05,121.55
644,2.01E+011,"總統候選人朱立倫、立法委員候選人林德福聯合競選總部成立大會","12/19/2015",09:20:00,"新北市永和區",616,25,121.52
645,2.01E+011,"新北市立委第一選區吳育昇造勢活動","12/19/2015",10:15:00,"新北市淡水區",616,25.19,121.44
646,2.01E+011,"桃園市第一選區陳根德龜山區競選總部成立大會","12/19/2015",11:35:00,"桃園市龜山區",616,25,121.32
647,2.01E+011,"金融後援會成立大會","12/19/2015",14:30:00,"新北市新店區",616,24.97,121.54
648,2.01E+011,"參訪新港香藝文化園區","12/19/2015",17:15:00,"嘉義縣新港鄉",616,23.54,120.35
649,2.01E+011,"總統候選人朱立倫、立法委員候選人林于玲競選總部懇託活動","12/19/2015",17:55:00,"嘉義縣民雄鄉",616,23.56,120.42
650,2.01E+011,"朱立倫、王如玄台南市競選總部成立大會","12/19/2015",19:20:00,"台南市北區",616,23.01,120.21
651,2.01E+011,"徐景文競選服務處成立記後援會聯合誓師大會","12/19/2015",09:30:00,"新竹縣竹北市",615,24.93,121.24
652,2.01E+011,"團結革新贏回平鎮龍潭造勢大會-張肇良","12/19/2015",10:30:00,"新竹縣竹東市",615,24.93,121.21
653,2.01E+011,"趙正宇八德競選總部成立","12/19/2015",11:30:00,"新竹縣竹東鎮",615,24.95,121.29
654,2.01E+011,"嘉義縣大林鎮安霞宮開漳聖王廟參拜","12/20/2015",13:00:00,"嘉義縣大林鎮",617,23.6,120.45
655,2.01E+011,"嘉義縣民雄鄉慶誠宮參拜","12/20/2015",14:00:00,"嘉義縣民雄鄉",617,23.56,120.43
656,2.01E+011,"嘉義市城隍廟參拜","12/20/2015",15:00:00,"嘉義市東區",617,23.48,120.45
657,2.01E+011,"嘉義市鎮天宮參拜","12/20/2015",16:00:00,"嘉義市東區",617,23.47,120.46
658,2.01E+011,"暖暖傳麻吉：朱立倫傳溫暖給好友","12/20/2015",10:30:00,"台北市中山區",616,25.05,121.54
659,2.01E+011,"總統候選人朱立倫、立法委員候選人陳茂嘉聯合競選總部成立大會","12/20/2015",16:30:00,"新北市新莊區",616,25.04,121.45
660,2.01E+011,"總統副總統候選人朱立倫王如玄新北市暨板橋區競選總部成立大會","12/20/2015",17:10:00,"新北市板橋區",616,25.01,121.47
661,2.01E+011,"板橋慈后宮建宮35週年慶","12/20/2015",17:40:00,"新北市板橋區",616,25.03,121.46
662,2.01E+011,"彰化縣總統暨四位立委提名同志聯合造勢晚會","12/20/2015",19:30:00,"彰化縣彰化市",616,24.07,120.54
663,2.01E+011,"「迎向未來、點亮台灣」 大園場","12/20/2015",20:00:00,"宜蘭市",615,25.05,121.19
664,2.01E+011,"鄭寶清競選總部成立大會","12/20/2015",20:50:00,"宜蘭市",615,24.99,121.3
665,2.01E+011,"「迎向未來、點亮台灣」 三重場","12/20/2015",21:30:00,"雲林縣斗六市",615,25.06,121.49
666,2.01E+011,"跟隨經國先生的歲月—學習之旅-治國篇","12/21/2015",10:00:00,"台北市大安區",617,25.04,121.53
667,2.01E+011,"總統副總統候選人朱立倫王如玄及苗栗縣立委陳超明、徐志榮聯合競選總部成立大會","12/21/2015",10:30:00,"苗栗縣苗栗市",616,24.55,120.81
668,2.01E+011,"苗栗造勢","12/21/2015",20:00:00,"雲林縣虎尾鎮",615,24.7,120.88
669,2.01E+011,"新竹造勢","12/21/2015",21:30:00,"彰化市",615,24.84,121.02
670,2.01E+011,"拜會醫勞盟","12/22/2015",16:40:00,"台北市中正區",617,25.04,121.52
671,2.01E+011,"行銷在地觀光美食-南投意麵","12/22/2015",08:40:00,"南投縣南投市",616,23.91,120.69
672,2.01E+011,"中台禪寺參拜","12/22/2015",10:00:00,"南投縣埔里鎮",616,24.01,120.94
673,2.01E+011,"朱立倫、孔文吉全國聯合競選總部成立大會","12/22/2015",10:40:00,"南投縣埔里鎮",616,23.97,120.96
674,2.01E+011,"台灣經濟發展論壇","12/22/2015",14:00:00,"彰化縣二林鎮",615,25.03,121.54
675,2.01E+011,"「迎向未來、點亮台灣」基隆場","12/22/2015",20:30:00,"彰化縣鹿港鎮",615,25.12,121.75
676,2.01E+011,"全國村里長與總統候選人有約","12/23/2015",11:10:00,"台北市中山區",616,25.08,121.53
677,2.01E+011,"「經濟政策系列-投資台灣」政策談話會","12/23/2015",14:30:00,"台北市中山區",616,25.05,121.54
678,2.01E+011,"基層醫療院所陳情集會","12/24/2015",14:30:00,"台北市中正區",617,25.05,121.52
679,2.01E+011,"「客語向下扎根 壯大客庄五廊」政策談話會","12/24/2015",15:00:00,"新竹市東區",616,24.81,120.98
680,2.01E+011,"新竹科學園區專題演講","12/24/2015",16:00:00,"新竹市東區",616,24.78,121
681,2.01E+011,"高雄鳳山造勢晚會","12/24/2015",18:00:00,"高雄市鳳山區",615,22.62,120.35
682,2.01E+011,"暖暖行動，暖暖憲誕","12/25/2015",10:30:00,"台北市中山區",616,25.05,121.54
683,2.01E+011,"新同盟會「護憲救國」大會","12/25/2015",14:00:00,"台北市中正區",616,25.04,121.51
684,2.01E+011,"政見發表會","12/25/2015",19:20:00,"台北市松山區",616,25.05,121.55
685,2.01E+011,"參加桃園市宋楚瑜、徐欣瑩總統副總統後援會成立大會","12/26/2015",10:30:00,"桃園市桃園區",617,24.99,121.28
686,2.01E+011,"「全國婦女之夜」","12/26/2015",18:30:00,"台中市豐原區",615,24.26,120.72
687,2.01E+011,"永安夜市造勢晚會","12/26/2015",19:20:00,"彰化縣彰化市",615,24.06,120.44
688,2.01E+011,"總統候選人電視辯論","12/27/2015",14:00:00,"台北市內湖區",616,25.07,121.61
689,2.01E+011,"楊麗環桃園區競選總部暨朱立倫桃園北區總部成立大會","12/27/2015",20:00:00,"桃園市桃園區",616,25,121.29
690,2.01E+011,"參加柯俊雄先生追思禮拜會","12/27/2015",10:30:00,"新北市林口區",617,25.1,121.39
691,2.01E+011,"總統候選人電視辯論","12/27/2015",14:00:00,"台北市內湖區",617,25.07,121.61
692,2.01E+011,"總統候選人電視辯論","12/27/2015",14:00:00,"台北市內湖區",615,25.07,121.61
693,2.01E+011,"「迎向未來、點亮台灣」中和場","12/27/2015",18:00:00,"新北市中和區",615,24.99,121.49
694,2.01E+011,"「迎向未來、點亮台灣」台北市場","12/27/2015",19:30:00,"台北市中正區",615,25.04,121.51
695,2.01E+011,"參訪天主教救星療養院","12/28/2015",08:30:00,"台東縣台東市",616,22.76,121.12
696,2.01E+011,"參訪卑南鄉達魯瑪克部落","12/28/2015",09:20:00,"台東縣卑南鄉",616,22.75,120.95
697,2.01E+011,"黨務辦公室公益活動簽署及捐贈記者會","12/28/2015",10:10:00,"台東縣台東市",616,22.76,121.15
698,2.01E+011,"正聲廣播電台專訪","12/28/2015",10:40:00,"台東縣台東市",616,22.76,121.14
699,2.01E+011,"電影《沖天》特映活動","12/28/2015",18:50:00,"台北市萬華區",616,25.03,121.5
700,2.01E+011,"拜訪苗栗縣傅學鵬","12/28/2015",14:30:00,"苗栗縣公館鄉",617,24.53,120.83
701,2.01E+011,"拜訪苗栗縣通霄鎮徐紹俊議員","12/28/2015",16:00:00,"苗栗縣通霄鎮",617,24.48,120.67
702,2.01E+011,"拜訪張太陽前議員","12/28/2015",17:00:00,"苗栗縣通霄鎮",617,24.49,120.68
703,2.01E+011,"「迎向未來、點亮台灣」南投場","12/28/2015",18:00:00,"南投縣南投市",615,23.96,120.69
704,2.01E+011,"「迎向未來、點亮台灣」彰化場","12/28/2015",19:10:00,"彰化縣彰化市",615,23.96,120.47
705,2.01E+011,"蕭美琴造勢晚會","12/28/2015","晚上","花蓮縣花蓮市",615,23.99,121.61
706,2.01E+011,"「台灣經濟發展論壇」—與未來國家領導人對談","12/29/2015",13:50:00,"台北市大安區",616,25.04,121.54
707,2.01E+011,"南投造勢晚會","12/29/2015","晚上","南投縣南投市",615,23.94,120.71
708,2.01E+011,"周大觀文教基金會來訪","12/30/2015",15:30:00,"台北市中山區",616,25.05,121.54
709,2.01E+011,"與演藝界有約","12/30/2015",16:00:00,"台北市中山區",616,25.05,121.54
710,2.01E+011,"政見發表會","12/30/2015",19:20:00,"台北市大安區",616,25.04,121.56
711,2.01E+011,"政見發表會","12/30/2015",20:00:00,"台北市大安區",617,25.04,121.56
712,2.01E+011,"政見發表會","12/30/2015",19:20:00,"台北市大安區",615,25.04,121.56
713,2.01E+011,"「跨年宋就好」競選歌曲預告發佈會","12/31/2015",10:00:00,"台北市中正區",617,25.04,25.04
714,2.01E+011,"跨年街頭送暖","12/31/2015",20:20:00,"台北市大安區",616,25.04,121.55
715,2.01E+011,"台中造勢晚會","1/1/2016","傍晚","台中市沙鹿區",615,24.24,120.59
716,2.01E+011,"桃園造勢晚會","1/1/2016","晚上","桃園市中壢區",615,24.97,121.21
717,2.01E+011,"參加元旦升旗典禮與晨曦音樂會","1/1/2016",06:15:00,"台北市中山區",617,25.08,121.54
718,2.01E+011,"參加混元禪師元旦祈福法會","1/1/2016",15:00:00,"桃園市龜山區",617,25.02,121.37
719,2.01E+011,"第二場總統候選人電視辯論會","1/2/2016",14:00:00,"台北市內湖區",615,25.06,121.58
720,2.01E+011,"「迎向未來、點亮台灣」新北市淡水場","1/2/2016",18:30:00,"新北市淡水區",615,25.17,121.44
721,2.01E+011,"「迎向未來、點亮台灣」新北市板橋場","1/2/2016",19:30:00,"新北市板橋區",615,25.01,121.46
722,2.01E+011,"總統候選人電視辯論會","1/2/2016",14:00:00,"台北市內湖區",616,25.06,121.58
723,2.01E+011,"明華園歌仔戲表演","1/2/2016",20:00:00,"新北市泰山區",616,25.05,121.43
724,2.01E+011,"總統候選人第二次電視辯論會","1/2/2016",14:00:00,"台北內湖區",617,25.06,121.58
725,2.01E+011,"「迎向未來、點亮台灣」桃園市蘆竹場","1/3/2016",14:50:00,"桃園市蘆竹區",615,25.05,121.3
726,2.01E+011,"「迎向未來、點亮台灣」台南市新營場","1/3/2016",18:30:00,"台南市新營區",615,23.32,120.31
727,2.01E+011,"「迎向未來、點亮台灣」嘉義市場","1/3/2016",18:50:00,"嘉義市東區",615,23.47,120.46
728,2.01E+011,"參訪法鼓山農禪寺","1/3/2016",10:00:00,"台北市北投區",617,25.12,121.5
729,2.01E+011,"立委候選人羅致政造勢晚會","1/4/2016",19:30:00,"新北市板橋區",615,24.99,121.43
730,2.01E+011,"立委候選人江永昌造勢晚會","1/4/2016",20:20:00,"新北市中和區",615,25,121.51
731,2.01E+011,"參拜六堆忠義祠","1/4/2016",10:45:00,"屏東縣竹田鄉",616,22.62,120.52
732,2.01E+011,"關心養豬業","1/4/2016",11:50:00,"屏東縣內埔鄉",616,22.6,120.56
733,2.01E+011,"與黨籍議員午餐便當會","1/4/2016",12:30:00,"屏東縣屏東市",616,22.67,120.49
734,2.01E+011,"慈鳳宮參拜","1/4/2016",14:00:00,"屏東縣屏東市",616,22.67,120.49
735,2.01E+011,"屏東市車隊遊行","1/4/2016",14:10:00,"屏東縣屏東市",616,22.67,120.49
736,2.01E+011,"高雄市車隊遊行","1/4/2016",16:40:00,"高雄市鳳山區",616,22.62,120.37
737,2.01E+011,"高雄龍池宮參香","1/5/2016",15:20:00,"高雄市三民區",615,22.65,120.33
738,2.01E+011,"高雄保安宮參香","1/5/2016",15:55:00,"高雄市三民區",615,22.67,120.33
739,2.01E+011,"屏東公館新興天后宮參香","1/5/2016",17:10:00,"屏東縣屏東市",615,22.64,120.48
740,2.01E+011,"「迎向未來、點亮台灣」屏東場","1/5/2016",18:30:00,"屏東縣屏東市",615,22.68,120.49
741,2.01E+011,"雲林縣車隊掃街拜票(一)斗六市主要街道","1/5/2016",10:00:00,"雲林縣斗六市",616,23.73,120.59
742,2.01E+011,"雲林縣車隊掃街拜票(二)虎尾鎮主要街道","1/5/2016",11:20:00,"雲林縣虎尾鎮",616,23.7,120.46
743,2.01E+011,"嘉義市主要道路車隊拜票","1/5/2016",14:30:00,"嘉義市西區",616,23.47,120.44
744,2.01E+011,"「熱情，改變」蔡英文&吳思瑤海報簽名會","1/6/2016",10:55:00,"台北市北投區",615,25.13,121.5
745,2.01E+011,"【中常會前記者會】選擇，在乎你在乎的-政黨票 CF 公佈記者會","1/6/2016",13:30:00,"台北市中正區",615,25.05,121.53
746,2.01E+011,"「迎向未來、點亮台灣」宜蘭場","1/6/2016",18:30:00,"宜蘭縣宜蘭市",615,24.74,121.76
747,2.01E+011,"「迎向未來、點亮台灣」基隆場","1/6/2016",19:30:00,"基隆市仁愛區",615,25.13,121.74
748,2.01E+011,"新北市中和區車隊掃街拜票","1/6/2016",09:00:00,"新北市中和區",616,25,121.49
749,2.01E+011,"新北市永和區車隊掃街拜票","1/6/2016",09:50:00,"新北市永和區",616,25.01,121.51
750,2.01E+011,"新北市新店區車隊掃街拜票","1/6/2016",10:30:00,"新北市新店區",616,24.98,121.53
751,2.01E+011,"拜會法鼓山果東方丈","1/6/2016",15:00:00,"新北市金山區",616,25.23,121.64
752,2.01E+011,"新北市汐止區車隊掃街拜票","1/6/2016",16:20:00,"新北市汐止區",616,25.06,121.66
753,2.01E+011,"中廣流行網「人來瘋」專訪","1/6/2016",19:15:00,"台北市中山區",616,25.07,121.53
754,2.01E+011,"新竹市車隊掃街拜票","1/7/2016",09:30:00,"新竹縣新竹市",616,24.8,121
755,2.01E+011,"新竹縣車隊掃街拜票","1/7/2016",10:50:00,"新竹縣竹東鎮",616,24.74,121.09
756,2.01E+011,"玉清宮參拜","1/7/2016",14:00:00,"苗栗縣苗栗市",616,24.57,120.83
757,2.01E+011,"苗栗市車隊掃街拜票 ","1/7/2016",14:10:00,"苗栗縣苗栗市",616,24.57,120.83
758,2.01E+011,"苗栗縣頭份市車隊掃街拜票","1/7/2016",15:15:00,"苗栗縣頭份市",616,24.69,120.92
759,2.01E+011,"台灣鄉鎮市民代表會聯合總會第四屆第二次全國業務研討 ","1/7/2016",15:55:00,"苗栗縣頭份市",616,24.69,120.89
760,2.01E+011,"苗栗縣竹南鎮車隊掃街拜票 ","1/7/2016",16:25:00,"苗栗縣頭份市",616,24.69,120.9
761,2.01E+011,"新桃園 夢想無限-新總統 新國會 新桃園 CF 發表記者會","1/7/2016",14:15:00,"桃園市桃園區",615,25.03,121.3
762,2.01E+011,"「三鄭共承擔 三振國民黨」-桃園慈 護宮參香","1/7/2016",15:00:00,"桃園市桃園區",615,24.99,121.31
763,2.01E+011,"「忠義精神 深耕中壢」-桃園紫雲宮 參香","1/7/2016",16:15:00,"桃園市中壢區",615,24.95,121.22
764,2.01E+011,"「綠色新政 點亮台灣」-桃園建安宮 參香","1/7/2016",17:20:00,"桃園市平鎮區",615,24.91,121.24
765,2.01E+011,"「迎向未來、點亮台灣」新竹場","1/7/2016",18:00:00,"新竹縣竹東鎮",615,24.74,121.09
766,2.01E+011,"「迎向未來、點亮台灣」苗栗場","1/7/2016",19:30:00,"苗栗縣苗栗市",615,24.56,120.82
767,2.01E+011,"總統候選人電視政見發表會","1/8/2016",20:00:00,"台北市松山區",617,25.05,121.55
768,2.01E+011,"總統候選人電視政見發表會","1/8/2016",19:20:00,"台北市松山區",616,25.05,121.55
769,2.01E+011,"全國總動員記者會","1/8/2016",11:30:00,"台北市中正區",615,25.05,121.53
770,2.01E+011,"第三場總統政見發表會","1/8/2016",19:15:00,"台北市松山區",615,25.05,121.55
771,2.01E+011,"參加三峽後援會成立大會","1/9/2016",11:00:00,"新北市三峽區",617,24.94,121.37
772,2.01E+011,"南桃園後援會成立大會","1/9/2016",14:30:00,"桃園市中壢區",617,24.97,121.21
773,2.01E+011,"參訪本願山彌陀講堂","1/9/2016",17:00:00,"台中市潭子區",617,24.22,120.71
774,2.01E+011,"相約文化城 全民挺宋瑩誓師晚會","1/9/2016",20:00:00,"台中市北屯區",617,24.19,120.66
775,2.01E+011,"基隆市車隊掃街","1/9/2016",09:00:00,"基隆市信義區",616,25.13,121.75
776,2.01E+011,"李彥秀【改革心力量】誓師大會","1/9/2016",10:20:00,"台北市南港區",616,25.06,121.62
777,2.01E+011,"松山慈祐宮參拜","1/9/2016",11:05:00,"台北市松山區",616,25.05,121.58
778,2.01E+011,"『為台灣安定而走 你，就是力量』大遊行","1/9/2016",14:00:00,"台北市大安區",616,25.02,121.53
779,2.01E+011,"台中民歌之夜","1/9/2016",20:10:00,"台中市北屯區",616,24.2,120.68
780,2.01E+011,"屏東楓港出發記者會 「故鄉出發，點亮台灣」","1/9/2016",09:40:00,"屏東縣枋山鄉",615,22.19,120.69
781,2.01E+011,"屏東縣鍾佳濱車隊掃街","1/9/2016",11:10:00,"屏東縣麟洛鄉",615,22.65,120.53
782,2.01E+011,"高雄市劉世芳車隊掃街","1/9/2016",14:00:00,"高雄市楠梓區",615,22.73,120.33
783,2.01E+011,"高雄市管碧玲車隊掃街","1/9/2016",14:40:00,"高雄市鼓山區",615,22.67,120.29
784,2.01E+011,"高雄市李昆澤車隊掃街","1/9/2016",15:30:00,"高雄市三民區",615,22.67,120.32
785,2.01E+011,"高雄市趙天麟車隊掃街","1/9/2016",16:00:00,"高雄市苓雅區",615,22.63,120.33
786,2.01E+011,"高雄市賴瑞隆車隊掃街","1/9/2016",16:15:00,"高雄市前鎮區",615,22.61,120.33
787,2.01E+011,"高雄夢時代造勢晚會","1/9/2016",21:00:00,"高雄市前鎮區",615,22.6,120.31
788,2.01E+011,"決戰南臺灣 全民挺宋瑩誓師大會","1/10/2016",14:00:00,"高雄市鳳山區",617,22.62,120.35
789,2.01E+011,"台南市永康區、東區、南區、安平區車隊掃街","1/10/2016",10:45:00,"台南市永康區",616,23.02,120.26
790,2.01E+011,"台南市北區、中西區車隊掃街","1/10/2016",14:40:00,"台南市北區",616,23,120.2
791,2.01E+011,"雲嘉南團結勝選造勢大會","1/10/2016",16:55:00,"台南市安平區",616,23,120.16
792,2.01E+011,"黃金週大桃園團結之夜","1/10/2016",20:00:00,"桃園市中壢區",616,24.97,121.23
793,2.01E+011,"台南安平天后宮記者會 「祈願媽祖，點亮台灣」","1/10/2016",09:40:00,"台南市安平區",615,23,120.16
794,2.01E+011,"台南市陳亭妃車隊掃街","1/10/2016",10:30:00,"台南市中西區",615,22.99,120.19
795,2.01E+011,"台南市林俊憲車隊掃街","1/10/2016",11:10:00,"台南市中西區",615,22.98,120.21
796,2.01E+011,"台南市王定宇車隊掃街","1/10/2016",11:50:00,"台南市永康區",615,23,120.24
797,2.01E+011,"台南市黃偉哲車隊掃街","1/10/2016",14:00:00,"台南市麻豆區",615,23.18,120.26
798,2.01E+011,"「迎向未來、點亮台灣」嘉義場","1/10/2016",18:20:00,"嘉義縣朴子市",615,23.47,120.25
799,2.01E+011,"「迎向未來、點亮台灣」台南場","1/10/2016",18:50:00,"台南市安平區",615,22.99,120.19
800,2.01E+011,"慈湖、頭寮謁靈","1/11/2016",14:00:00,"桃園市大溪區",617,24.89,121.29
801,2.01E+011,"與蘆竹鄉親有約","1/11/2016",16:30:00,"桃園市蘆竹區",617,25.08,121.3
802,2.01E+011,"台中市立委第二選區車隊掃街","1/11/2016",09:30:00,"台中市烏日區",616,24.1,120.62
803,2.01E+011,"台中市立委第六選區車隊掃街","1/11/2016",09:42:00,"台中市烏日區",616,24.11,120.65
804,2.01E+011,"與沈智慧總部人員加油打氣","1/11/2016",10:00:00,"台中市西區",616,24.14,120.67
805,2.01E+011,"台中市立委第六選區車隊掃街","1/11/2016",10:10:00,"台中市西區",616,24.14,120.67
806,2.01E+011,"台中市立委第四選區車隊掃街","1/11/2016",10:20:00,"台中市南屯區",616,24.14,120.65
807,2.01E+011,"台中市立委第五選區車隊掃街","1/11/2016",10:45:00,"台中市西區",616,24.14,120.66
808,2.01E+011,"與盧秀燕競選總部人員加油打氣","1/11/2016",10:55:00,"台中市北屯區",616,24.17,120.68
809,2.01E+011,"台中市立委第五選區車隊掃街起點","1/11/2016",11:05:00,"台中市北屯區",616,24.17,120.68
810,2.01E+011,"台中市立委第三選區車隊掃街","1/11/2016",11:20:00,"台中市西屯區",616,24.21,120.65
811,2.01E+011,"台中市立委第三選區車隊掃街","1/11/2016",11:40:00,"台中市神岡區",616,24.25,120.69
812,2.01E+011,"慈濟宮參拜","1/11/2016",11:50:00,"台中市豐原區",616,24.25,120.72
813,2.01E+011,"新北市淡水區車隊掃街","1/11/2016",14:40:00,"新北市淡水區",616,25.13,121.46
814,2.01E+011,"新北市五股區、蘆洲區車隊掃街","1/11/2016",15:15:00,"新北市五股區",616,25.11,121.46
815,2.01E+011,"新北市三重區車隊掃街","1/11/2016",15:45:00,"新北市三重區",616,25.08,121.48
816,2.01E+011,"護山宮參拜","1/11/2016",16:15:00,"新北市三重區",616,25.06,121.49
817,2.01E+011,"「點亮台灣每一里路」 記者會「食在安心，點亮台灣」","1/11/2016",10:05:00,"嘉義縣朴子市",615,23.46,120.24
818,2.01E+011,"嘉義縣蔡易餘車隊掃街","1/11/2016",10:40:00,"嘉義縣朴子市",615,23.47,120.25
819,2.01E+011,"嘉義縣陳明文車隊掃街","1/11/2016",11:45:00,"嘉義縣新港鄉",615,23.56,120.35
820,2.01E+011,"雲林縣蘇治芬車隊掃街","1/11/2016",14:00:00,"雲林縣北港鎮",615,23.57,120.3
821,2.01E+011,"雲林縣蘇治芬車隊掃街","1/11/2016",15:15:00,"雲林縣虎尾鎮",615,23.71,120.44
822,2.01E+011,"雲林縣劉建國車隊掃街","1/11/2016",16:05:00,"雲林縣斗南鎮",615,23.69,120.47
823,2.01E+011,"雲林縣劉建國車隊掃街","1/11/2016",16:55:00,"雲林縣斗南鎮",615,23.67,120.48
824,2.01E+011,"雲林縣虎尾造勢晚會","1/11/2016",18:30:00,"雲林縣虎尾鎮",615,23.71,120.43
825,2.01E+011,"總統候選人宋楚瑜國際媒體記者會","1/12/2016",10:00:00,"台北市大安區",617,25.02,121.53
826,2.01E+011,"陪同基隆立委候選人劉文雄掃街","1/12/2016",14:00:00,"基隆市仁愛區",617,25.13,121.75
827,2.01E+011,"彰化縣員林市車隊掃街","1/12/2016",10:00:00,"彰化縣員林市",616,23.96,120.57
828,2.01E+011,"彰化縣花壇鄉、彰化市車隊掃街","1/12/2016",11:20:00,"彰化縣花壇鄉",616,24.05,120.53
829,2.01E+011,"南投縣草屯鎮車隊掃街","1/12/2016",14:30:00,"南投縣草屯鎮",616,23.97,120.68
830,2.01E+011,"南投縣南投市車隊掃街","1/12/2016",15:30:00,"南投縣草屯鎮",616,23.96,120.68
831,2.01E+011,"丁守中音樂晚會","1/12/2016",20:00:00,"台北市北投區",616,25.12,121.47
832,2.01E+011,"彰化縣員林造勢晚會","1/12/2016",18:20:00,"彰化縣員林市",615,23.97,120.57
833,2.01E+011,"拜訪陳氏宗親大老","1/13/2016",12:00:00,"金門縣金城鎮",617,24.43,118.32
834,2.01E+011,"與金門鄉親有約","1/13/2016",13:00:00,"金門縣金城鎮",617,24.43,118.32
835,2.01E+011,"勘訪金門大橋","1/13/2016",13:50:00,"金門縣金寧鄉",617,24.46,118.33
836,2.01E+011,"參訪小三通實行現況","1/13/2016",14:30:00,"金門縣水頭港區",617,24.42,118.29
837,2.01E+011,"訪中山紀念林-紀念經國先生","1/13/2016",15:30:00,"金門縣金寧鄉",617,24.46,118.33
838,2.01E+011,"訪珍珍小館","1/13/2016",19:30:00,"新北市新莊區",617,25.05,121.45
839,2.01E+011,"參觀响仁和鼓藝工坊","1/13/2016",20:30:00,"新北市新莊區",617,25.03,121.44
840,2.01E+011,"慈湖陵寢謁陵","1/13/2016",09:15:00,"桃園市大溪區",616,24.84,121.29
841,2.01E+011,"大溪頭寮陵寢謁陵","1/13/2016",09:30:00,"桃園市大溪區",616,24.84,121.29
842,2.01E+011,"桃園市大溪區車隊掃街","1/13/2016",10:00:00,"桃園市大溪區",616,24.88,121.29
843,2.01E+011,"瑞祥里居民懇託會","1/13/2016",10:30:00,"桃園市八德區",616,24.95,121.3
844,2.01E+011,"桃園市八德區車隊掃街","1/13/2016",10:40:00,"桃園市八德區",616,24.95,121.3
845,2.01E+011,"陸光四村居民懇託會","1/13/2016",10:45:00,"桃園市八德區",616,24.96,121.3
846,2.01E+011,"桃園市八德區車隊掃街","1/13/2016",11:00:00,"桃園市八德區",616,24.96,121.3
847,2.01E+011,"桃園市龜山區車隊掃街","1/13/2016",11:10:00,"桃園市龜山區",616,25.02,121.37
848,2.01E+011,"桃園市桃園區車隊掃街","1/13/2016",11:45:00,"桃園市龜山區",616,25,121.32
849,2.01E+011,"桃園市中壢區車隊掃街","1/13/2016",13:35:00,"桃園市桃園區",616,25,121.29
850,2.01E+011,"桃園市平鎮區車隊掃街","1/13/2016",14:40:00,"桃園市平鎮區",616,24.95,121.22
851,2.01E+011,"桃園市楊梅區車隊掃街","1/13/2016",15:20:00,"桃園市平鎮區",616,24.93,121.19
852,2.01E+011,"新北市林口區車隊掃街","1/13/2016",16:30:00,"新北市林口區",616,25.07,121.37
853,2.01E+011,"「點亮台灣每一里路」記者 會「客家女兒台灣總統」","1/13/2016",09:30:00,"苗栗縣頭份市",615,24.69,120.91
854,2.01E+011,"苗栗縣吳宜臻車隊掃街","1/13/2016",10:00:00,"苗栗縣頭份市",615,24.69,120.91
855,2.01E+011,"苗栗縣杜文卿車隊掃街","1/13/2016",10:50:00,"苗栗縣竹南鎮",615,24.68,120.88
856,2.01E+011,"新竹縣鄭永金車隊掃街","1/13/2016",11:50:00,"新竹縣竹東鎮",615,24.75,121.08
857,2.01E+011,"桃園市鄭寶清車隊掃街","1/13/2016",14:00:00,"桃園市桃園區",615,25,121.29
858,2.01E+011,"桃園市鄭運鵬車隊掃街","1/13/2016",14:50:00,"桃園市桃園區",615,25.03,121.3
859,2.01E+011,"新北市張宏陸車隊掃街","1/13/2016",15:50:00,"新北市板橋區",615,25.01,121.46
860,2.01E+011,"新北市羅致政車隊掃街","1/13/2016",16:20:00,"新北市板橋區",615,25.03,121.48
861,2.01E+011,"台中市造勢晚會","1/13/2016",19:30:00,"台中市北屯區",615,24.18,120.69
